Date,MSCI_indexed,savings_indexed
2003-12-01,10000.00,10120.60
2003-12-02,9910.36,10120.60
2003-12-03,9869.05,10120.60
2003-12-04,9942.12,10120.60
2003-12-05,9834.47,10120.60
2003-12-08,9811.95,10120.60
2003-12-09,9767.67,10120.60
2003-12-10,9754.55,10120.60
2003-12-11,9814.37,10120.60
2003-12-12,9807.34,10120.60
2003-12-15,9793.69,10120.60
2003-12-16,9777.04,10120.60
2003-12-17,9743.51,10120.60
2003-12-18,9831.55,10120.60
2003-12-19,9873.05,10120.60
2003-12-22,9878.20,10120.60
2003-12-23,9910.25,10120.60
2003-12-24,9873.34,10120.60
2003-12-25,9885.23,10120.60
2003-12-26,9927.30,10120.60
2003-12-29,9969.65,10120.60
2003-12-30,9964.74,10120.60
2003-12-31,9956.95,10120.60
2004-01-02,9932.63,10130.06
2004-01-05,10045.96,10130.06
2004-01-06,10035.56,10130.06
2004-01-07,10069.27,10130.06
2004-01-08,10058.71,10130.06
2004-01-09,9982.45,10130.06
2004-01-12,10046.83,10130.06
2004-01-13,9987.30,10130.06
2004-01-14,10130.92,10130.06
2004-01-15,10151.49,10130.06
2004-01-16,10352.78,10130.06
2004-01-19,10401.48,10130.06
2004-01-20,10255.89,10130.06
2004-01-21,10262.55,10130.06
2004-01-22,10228.32,10130.06
2004-01-23,10326.75,10130.06
2004-01-26,10393.29,10130.06
2004-01-27,10264.75,10130.06
2004-01-28,10309.78,10130.06
2004-01-29,10300.40,10130.06
2004-01-30,10232.80,10130.06
2004-02-02,10287.94,10139.88
2004-02-03,10217.24,10139.88
2004-02-04,10141.49,10139.88
2004-02-05,10119.85,10139.88
2004-02-06,10146.86,10139.88
2004-02-09,10182.15,10139.88
2004-02-10,10218.62,10139.88
2004-02-11,10212.89,10139.88
2004-02-12,10196.85,10139.88
2004-02-13,10205.36,10139.88
2004-02-16,10219.78,10139.88
2004-02-17,10239.16,10139.88
2004-02-18,10267.79,10139.88
2004-02-19,10314.23,10139.88
2004-02-20,10330.82,10139.88
2004-02-23,10318.63,10139.88
2004-02-24,10212.89,10139.88
2004-02-25,10332.97,10139.88
2004-02-26,10388.76,10139.88
2004-02-27,10388.24,10139.88
2004-03-01,10532.68,10149.37
2004-03-02,10656.19,10149.37
2004-03-03,10651.82,10149.37
2004-03-04,10663.06,10149.37
2004-03-05,10585.39,10149.37
2004-03-08,10513.13,10149.37
2004-03-09,10512.21,10149.37
2004-03-10,10457.55,10149.37
2004-03-11,10208.03,10149.37
2004-03-12,10351.41,10149.37
2004-03-15,10191.78,10149.37
2004-03-16,10259.77,10149.37
2004-03-17,10408.35,10149.37
2004-03-18,10275.31,10149.37
2004-03-19,10280.06,10149.37
2004-03-22,10100.59,10149.37
2004-03-23,10103.84,10149.37
2004-03-24,10279.74,10149.37
2004-03-25,10268.12,10149.37
2004-03-26,10243.68,10149.37
2004-03-29,10349.13,10149.37
2004-03-30,10334.74,10149.37
2004-03-31,10352.89,10149.37
2004-04-01,10340.51,10159.02
2004-04-02,10570.84,10159.02
2004-04-05,10772.29,10159.02
2004-04-06,10761.61,10159.02
2004-04-07,10701.88,10159.02
2004-04-08,10792.78,10159.02
2004-04-09,10724.63,10159.02
2004-04-12,10764.99,10159.02
2004-04-13,10870.27,10159.02
2004-04-14,10901.25,10159.02
2004-04-15,10762.75,10159.02
2004-04-16,10664.93,10159.02
2004-04-19,10633.52,10159.02
2004-04-20,10860.24,10159.02
2004-04-21,10898.41,10159.02
2004-04-22,10707.79,10159.02
2004-04-23,10749.33,10159.02
2004-04-26,10833.60,10159.02
2004-04-27,10791.37,10159.02
2004-04-28,10868.54,10159.02
2004-04-29,10767.39,10159.02
2004-04-30,10594.73,10159.02
2004-05-03,10573.57,10168.51
2004-05-04,10358.89,10168.51
2004-05-05,10367.56,10168.51
2004-05-06,10516.78,10168.51
2004-05-07,10734.81,10168.51
2004-05-10,10641.72,10168.51
2004-05-11,10444.13,10168.51
2004-05-12,10180.14,10168.51
2004-05-13,10342.79,10168.51
2004-05-14,10302.46,10168.51
2004-05-17,10159.52,10168.51
2004-05-18,10198.92,10168.51
2004-05-19,10051.12,10168.51
2004-05-20,10156.77,10168.51
2004-05-21,10234.73,10168.51
2004-05-24,10173.81,10168.51
2004-05-25,10164.85,10168.51
2004-05-26,10166.60,10168.51
2004-05-27,10133.24,10168.51
2004-05-28,10222.33,10168.51
2004-05-31,10346.82,10168.51
2004-06-01,10291.45,10178.00
2004-06-02,10320.72,10178.00
2004-06-03,10307.26,10178.00
2004-06-04,10283.83,10178.00
2004-06-07,10181.03,10178.00
2004-06-08,10297.24,10178.00
2004-06-09,10666.46,10178.00
2004-06-10,10612.69,10178.00
2004-06-11,10582.60,10178.00
2004-06-14,10580.76,10178.00
2004-06-15,10452.20,10178.00
2004-06-16,10497.79,10178.00
2004-06-17,10529.59,10178.00
2004-06-18,10477.64,10178.00
2004-06-21,10499.48,10178.00
2004-06-22,10539.53,10178.00
2004-06-23,10549.38,10178.00
2004-06-24,10456.83,10178.00
2004-06-25,10517.83,10178.00
2004-06-28,10561.48,10178.00
2004-06-29,10590.35,10178.00
2004-06-30,10553.86,10178.00
2004-07-01,10546.52,10187.74
2004-07-02,10429.74,10187.74
2004-07-05,10347.50,10187.74
2004-07-06,10288.82,10187.74
2004-07-07,10282.10,10187.74
2004-07-08,10197.01,10187.74
2004-07-09,10212.83,10187.74
2004-07-12,10180.75,10187.74
2004-07-13,10272.53,10187.74
2004-07-14,10239.86,10187.74
2004-07-15,10248.46,10187.74
2004-07-16,10141.88,10187.74
2004-07-19,10091.44,10187.74
2004-07-20,10189.86,10187.74
2004-07-21,10233.90,10187.74
2004-07-22,10258.05,10187.74
2004-07-23,10304.88,10187.74
2004-07-26,10238.75,10187.74
2004-07-27,10193.17,10187.74
2004-07-28,10168.41,10187.74
2004-07-29,10210.50,10187.74
2004-07-30,10239.80,10187.74
2004-08-02,10303.02,10197.58
2004-08-03,10302.11,10197.58
2004-08-04,10325.18,10197.58
2004-08-05,10309.30,10197.58
2004-08-06,10067.36,10197.58
2004-08-09,9983.37,10197.58
2004-08-10,9921.94,10197.58
2004-08-11,9905.47,10197.58
2004-08-12,9991.13,10197.58
2004-08-13,9824.27,10197.58
2004-08-16,9763.46,10197.58
2004-08-17,9788.38,10197.58
2004-08-18,9881.79,10197.58
2004-08-19,9882.27,10197.58
2004-08-20,9998.38,10197.58
2004-08-23,10158.55,10197.58
2004-08-24,10242.52,10197.58
2004-08-25,10236.69,10197.58
2004-08-26,10202.56,10197.58
2004-08-27,10337.33,10197.58
2004-08-30,10330.54,10197.58
2004-08-31,10256.83,10197.58
2004-09-01,10188.51,10207.57
2004-09-02,10229.88,10207.57
2004-09-03,10375.84,10207.57
2004-09-06,10420.36,10207.57
2004-09-07,10356.30,10207.57
2004-09-08,10316.47,10207.57
2004-09-09,10325.07,10207.57
2004-09-10,10292.42,10207.57
2004-09-13,10279.09,10207.57
2004-09-14,10355.39,10207.57
2004-09-15,10476.69,10207.57
2004-09-16,10470.24,10207.57
2004-09-17,10368.04,10207.57
2004-09-20,10413.95,10207.57
2004-09-21,10317.95,10207.57
2004-09-22,10329.49,10207.57
2004-09-23,10409.39,10207.57
2004-09-24,10299.67,10207.57
2004-09-27,10245.56,10207.57
2004-09-28,10227.49,10207.57
2004-09-29,10156.75,10207.57
2004-09-30,10127.25,10207.57
2004-10-01,10185.42,10217.79
2004-10-04,10316.59,10217.79
2004-10-05,10441.15,10217.79
2004-10-06,10507.56,10217.79
2004-10-07,10503.07,10217.79
2004-10-08,10451.57,10217.79
2004-10-11,10405.32,10217.79
2004-10-12,10446.31,10217.79
2004-10-13,10426.97,10217.79
2004-10-14,10314.25,10217.79
2004-10-15,10203.12,10217.79
2004-10-18,10141.51,10217.79
2004-10-19,10155.86,10217.79
2004-10-20,10127.08,10217.79
2004-10-21,10081.69,10217.79
2004-10-22,10021.36,10217.79
2004-10-25,9953.61,10217.79
2004-10-26,9942.37,10217.79
2004-10-27,9963.98,10217.79
2004-10-29,10090.64,10217.79
2004-11-01,10172.51,10228.28
2004-11-02,10194.32,10228.28
2004-11-03,10139.48,10228.28
2004-11-04,10129.87,10228.28
2004-11-05,10161.40,10228.28
2004-11-08,10320.23,10228.28
2004-11-09,10384.16,10228.28
2004-11-10,10389.07,10228.28
2004-11-11,10347.79,10228.28
2004-11-12,10289.99,10228.28
2004-11-15,10388.97,10228.28
2004-11-16,10471.00,10228.28
2004-11-17,10424.13,10228.28
2004-11-18,10448.38,10228.28
2004-11-19,10464.11,10228.28
2004-11-22,10442.16,10228.28
2004-11-23,10345.20,10228.28
2004-11-24,10269.84,10228.28
2004-11-25,10326.54,10228.28
2004-11-26,10299.90,10228.28
2004-11-29,10264.70,10228.28
2004-11-30,10292.47,10228.28
2004-12-01,10255.11,10238.67
2004-12-02,10272.57,10238.67
2004-12-03,10231.20,10238.67
2004-12-06,10292.34,10238.67
2004-12-07,10292.72,10238.67
2004-12-08,10345.80,10238.67
2004-12-09,10313.89,10238.67
2004-12-10,10334.27,10238.67
2004-12-13,10246.87,10238.67
2004-12-14,10250.68,10238.67
2004-12-15,10279.55,10238.67
2004-12-16,10422.89,10238.67
2004-12-17,10446.93,10238.67
2004-12-20,10344.89,10238.67
2004-12-21,10306.13,10238.67
2004-12-22,10350.83,10238.67
2004-12-23,10297.00,10238.67
2004-12-24,10391.00,10238.67
2004-12-27,10301.83,10238.67
2004-12-28,10351.58,10238.67
2004-12-29,10338.96,10238.67
2004-12-30,10364.92,10238.67
2004-12-31,10416.89,10238.67
2005-01-03,10504.67,10249.32
2005-01-04,10644.65,10249.32
2005-01-05,10581.01,10249.32
2005-01-06,10544.92,10249.32
2005-01-07,10588.75,10249.32
2005-01-10,10544.73,10249.32
2005-01-11,10518.11,10249.32
2005-01-12,10439.43,10249.32
2005-01-13,10453.64,10249.32
2005-01-14,10589.88,10249.32
2005-01-17,10595.80,10249.32
2005-01-18,10604.36,10249.32
2005-01-19,10633.91,10249.32
2005-01-20,10700.60,10249.32
2005-01-21,10598.42,10249.32
2005-01-24,10500.56,10249.32
2005-01-25,10526.68,10249.32
2005-01-26,10441.00,10249.32
2005-01-27,10473.52,10249.32
2005-01-28,10555.74,10249.32
2005-01-31,10551.85,10249.32
2005-02-01,10662.58,10260.27
2005-02-02,10708.73,10260.27
2005-02-03,10710.68,10260.27
2005-02-04,10866.36,10260.27
2005-02-07,10941.58,10260.27
2005-02-08,10935.80,10260.27
2005-02-09,10861.00,10260.27
2005-02-10,10860.16,10260.27
2005-02-11,10949.74,10260.27
2005-02-14,10906.07,10260.27
2005-02-15,10923.70,10260.27
2005-02-16,10885.20,10260.27
2005-02-17,10816.34,10260.27
2005-02-18,10835.20,10260.27
2005-02-21,10829.62,10260.27
2005-02-22,10628.30,10260.27
2005-02-23,10651.99,10260.27
2005-02-24,10703.21,10260.27
2005-02-25,10767.08,10260.27
2005-02-28,10760.29,10260.27
2005-03-01,10843.74,10271.11
2005-03-02,10861.52,10271.11
2005-03-03,10883.59,10271.11
2005-03-04,10887.86,10271.11
2005-03-07,10921.64,10271.11
2005-03-08,10815.57,10271.11
2005-03-09,10731.26,10271.11
2005-03-10,10672.80,10271.11
2005-03-11,10628.47,10271.11
2005-03-14,10697.34,10271.11
2005-03-15,10714.89,10271.11
2005-03-16,10580.97,10271.11
2005-03-17,10598.26,10271.11
2005-03-18,10640.68,10271.11
2005-03-21,10691.11,10271.11
2005-03-22,10679.87,10271.11
2005-03-23,10691.65,10271.11
2005-03-24,10731.91,10271.11
2005-03-25,10718.33,10271.11
2005-03-28,10766.41,10271.11
2005-03-29,10676.88,10271.11
2005-03-30,10763.87,10271.11
2005-03-31,10748.79,10271.11
2005-04-01,10755.43,10282.06
2005-04-04,10778.97,10282.06
2005-04-05,10841.43,10282.06
2005-04-06,10859.94,10282.06
2005-04-07,10915.49,10282.06
2005-04-08,10831.18,10282.06
2005-04-11,10794.16,10282.06
2005-04-12,10846.62,10282.06
2005-04-13,10791.64,10282.06
2005-04-14,10772.21,10282.06
2005-04-15,10548.75,10282.06
2005-04-18,10401.88,10282.06
2005-04-19,10464.99,10282.06
2005-04-20,10362.46,10282.06
2005-04-21,10481.78,10282.06
2005-04-22,10469.53,10282.06
2005-04-25,10577.36,10282.06
2005-04-26,10515.50,10282.06
2005-04-27,10524.17,10282.06
2005-04-28,10454.60,10282.06
2005-04-29,10557.91,10282.06
2005-05-02,10615.64,10293.01
2005-05-03,10597.48,10293.01
2005-05-04,10659.97,10293.01
2005-05-05,10660.21,10293.01
2005-05-06,10759.85,10293.01
2005-05-09,10752.45,10293.01
2005-05-10,10649.79,10293.01
2005-05-11,10699.14,10293.01
2005-05-12,10736.13,10293.01
2005-05-13,10722.18,10293.01
2005-05-16,10735.90,10293.01
2005-05-17,10793.87,10293.01
2005-05-18,10855.64,10293.01
2005-05-19,10939.20,10293.01
2005-05-20,10967.76,10293.01
2005-05-23,11032.62,10293.01
2005-05-24,11033.93,10293.01
2005-05-25,10970.55,10293.01
2005-05-26,11076.80,10293.01
2005-05-27,11046.66,10293.01
2005-05-30,11137.81,10293.01
2005-05-31,11193.61,10293.01
2005-06-01,11371.24,10304.05
2005-06-02,11346.34,10304.05
2005-06-03,11329.45,10304.05
2005-06-06,11325.29,10304.05
2005-06-07,11349.09,10304.05
2005-06-08,11349.81,10304.05
2005-06-09,11380.55,10304.05
2005-06-10,11443.61,10304.05
2005-06-13,11469.72,10304.05
2005-06-14,11562.04,10304.05
2005-06-15,11513.78,10304.05
2005-06-16,11585.05,10304.05
2005-06-17,11516.97,10304.05
2005-06-20,11590.98,10304.05
2005-06-21,11595.13,10304.05
2005-06-22,11642.22,10304.05
2005-06-23,11647.94,10304.05
2005-06-24,11510.34,10304.05
2005-06-27,11429.37,10304.05
2005-06-28,11570.74,10304.05
2005-06-29,11569.94,10304.05
2005-06-30,11515.18,10304.05
2005-07-01,11638.95,10315.06
2005-07-04,11673.76,10315.06
2005-07-05,11709.59,10315.06
2005-07-06,11681.00,10315.06
2005-07-07,11623.23,10315.06
2005-07-08,11716.67,10315.06
2005-07-11,11741.11,10315.06
2005-07-12,11652.72,10315.06
2005-07-13,11776.29,10315.06
2005-07-14,11782.34,10315.06
2005-07-15,11824.04,10315.06
2005-07-18,11783.24,10315.06
2005-07-19,11849.84,10315.06
2005-07-20,11790.64,10315.06
2005-07-21,11784.03,10315.06
2005-07-22,11759.16,10315.06
2005-07-25,11860.71,10315.06
2005-07-26,11890.76,10315.06
2005-07-27,11909.46,10315.06
2005-07-28,11923.56,10315.06
2005-07-29,11883.24,10315.06
2005-08-01,11864.84,10326.27
2005-08-02,11946.24,10326.27
2005-08-03,11852.26,10326.27
2005-08-04,11743.30,10326.27
2005-08-05,11702.00,10326.27
2005-08-08,11680.39,10326.27
2005-08-09,11733.28,10326.27
2005-08-10,11788.18,10326.27
2005-08-11,11805.64,10326.27
2005-08-12,11799.23,10326.27
2005-08-15,11849.16,10326.27
2005-08-16,11778.03,10326.27
2005-08-17,11798.91,10326.27
2005-08-18,11827.92,10326.27
2005-08-19,11898.57,10326.27
2005-08-22,11881.15,10326.27
2005-08-23,11841.26,10326.27
2005-08-24,11760.65,10326.27
2005-08-25,11724.35,10326.27
2005-08-26,11657.29,10326.27
2005-08-29,11731.41,10326.27
2005-08-30,11740.57,10326.27
2005-08-31,11765.98,10326.27
2005-09-01,11723.09,10337.58
2005-09-02,11677.28,10337.58
2005-09-05,11712.92,10337.58
2005-09-06,11860.78,10337.58
2005-09-07,11912.73,10337.58
2005-09-08,11885.42,10337.58
2005-09-09,11966.87,10337.58
2005-09-12,12053.09,10337.58
2005-09-13,11996.28,10337.58
2005-09-14,11993.52,10337.58
2005-09-15,12035.39,10337.58
2005-09-16,12111.32,10337.58
2005-09-19,12153.75,10337.58
2005-09-20,12145.26,10337.58
2005-09-22,12034.24,10337.58
2005-09-23,12120.23,10337.58
2005-09-26,12192.21,10337.58
2005-09-27,12197.91,10337.58
2005-09-28,12228.77,10337.58
2005-09-29,12344.98,10337.58
2005-09-30,12340.44,10337.58
2005-10-03,12440.03,10348.86
2005-10-04,12382.17,10348.86
2005-10-05,12137.29,10348.86
2005-10-06,11915.93,10348.86
2005-10-07,11953.89,10348.86
2005-10-10,11980.25,10348.86
2005-10-11,12039.02,10348.86
2005-10-12,11934.05,10348.86
2005-10-13,11888.22,10348.86
2005-10-14,11899.72,10348.86
2005-10-17,11957.24,10348.86
2005-10-18,11916.65,10348.86
2005-10-19,11922.69,10348.86
2005-10-20,11798.20,10348.86
2005-10-21,11837.69,10348.86
2005-10-24,11965.02,10348.86
2005-10-25,11865.23,10348.86
2005-10-26,11898.75,10348.86
2005-10-27,11740.78,10348.86
2005-10-28,11887.97,10348.86
2005-10-31,12084.57,10348.86
2005-11-01,12079.37,10360.35
2005-11-02,12132.45,10360.35
2005-11-03,12300.53,10360.35
2005-11-04,12389.37,10360.35
2005-11-07,12461.54,10360.35
2005-11-08,12455.30,10360.35
2005-11-09,12435.07,10360.35
2005-11-10,12560.54,10360.35
2005-11-11,12585.76,10360.35
2005-11-14,12589.83,10360.35
2005-11-15,12511.20,10360.35
2005-11-16,12553.15,10360.35
2005-11-17,12614.13,10360.35
2005-11-18,12658.74,10360.35
2005-11-21,12750.95,10360.35
2005-11-22,12733.66,10360.35
2005-11-23,12790.18,10360.35
2005-11-24,12802.62,10360.35
2005-11-25,12865.81,10360.35
2005-11-28,12699.50,10360.35
2005-11-29,12765.37,10360.35
2005-11-30,12643.09,10360.35
2005-12-01,12851.22,10372.23
2005-12-02,12944.05,10372.23
2005-12-05,12860.04,10372.23
2005-12-06,12870.24,10372.23
2005-12-07,12903.32,10372.23
2005-12-08,12803.33,10372.23
2005-12-09,12837.54,10372.23
2005-12-12,12782.11,10372.23
2005-12-13,12829.87,10372.23
2005-12-14,12846.94,10372.23
2005-12-15,12816.87,10372.23
2005-12-16,12824.83,10372.23
2005-12-19,12758.82,10372.23
2005-12-20,12878.55,10372.23
2005-12-21,12983.55,10372.23
2005-12-22,12979.51,10372.23
2005-12-23,12990.12,10372.23
2005-12-26,13039.11,10372.23
2005-12-27,12927.32,10372.23
2005-12-28,12958.08,10372.23
2005-12-29,12968.30,10372.23
2005-12-30,12907.88,10372.23
2006-01-02,12948.48,10384.43
2006-01-03,12952.16,10384.43
2006-01-04,12989.51,10384.43
2006-01-05,12985.76,10384.43
2006-01-06,13074.19,10384.43
2006-01-09,13159.98,10384.43
2006-01-10,13116.88,10384.43
2006-01-11,13121.42,10384.43
2006-01-12,13167.94,10384.43
2006-01-13,13078.89,10384.43
2006-01-16,13100.23,10384.43
2006-01-17,13003.48,10384.43
2006-01-18,12880.85,10384.43
2006-01-19,13007.16,10384.43
2006-01-20,12835.04,10384.43
2006-01-23,12700.83,10384.43
2006-01-24,12757.98,10384.43
2006-01-25,12787.97,10384.43
2006-01-26,12911.70,10384.43
2006-01-27,13146.44,10384.43
2006-01-30,13169.93,10384.43
2006-01-31,13124.15,10384.43
2006-02-01,13211.57,10396.98
2006-02-02,13101.34,10396.98
2006-02-03,13104.51,10396.98
2006-02-06,13166.33,10396.98
2006-02-07,13069.48,10396.98
2006-02-08,13086.05,10396.98
2006-02-09,13096.14,10396.98
2006-02-10,13166.18,10396.98
2006-02-13,13116.76,10396.98
2006-02-14,13197.24,10396.98
2006-02-15,13228.05,10396.98
2006-02-16,13301.59,10396.98
2006-02-17,13249.92,10396.98
2006-02-20,13244.45,10396.98
2006-02-21,13269.68,10396.98
2006-02-22,13346.54,10396.98
2006-02-23,13347.67,10396.98
2006-02-24,13407.24,10396.98
2006-02-27,13503.27,10396.98
2006-02-28,13321.42,10396.98
2006-03-01,13390.85,10411.22
2006-03-02,13272.70,10411.22
2006-03-03,13237.32,10411.22
2006-03-06,13204.30,10411.22
2006-03-07,13245.34,10411.22
2006-03-08,13180.51,10411.22
2006-03-09,13230.41,10411.22
2006-03-10,13289.28,10411.22
2006-03-13,13331.17,10411.22
2006-03-14,13380.24,10411.22
2006-03-15,13390.19,10411.22
2006-03-16,13315.93,10411.22
2006-03-17,13339.30,10411.22
2006-03-20,13379.28,10411.22
2006-03-21,13347.34,10411.22
2006-03-22,13429.94,10411.22
2006-03-23,13477.22,10411.22
2006-03-24,13478.23,10411.22
2006-03-27,13465.71,10411.22
2006-03-28,13388.56,10411.22
2006-03-29,13455.13,10411.22
2006-03-30,13403.73,10411.22
2006-03-31,13382.34,10411.22
2006-04-03,13445.14,10426.33
2006-04-04,13371.70,10426.33
2006-04-05,13410.53,10426.33
2006-04-06,13498.09,10426.33
2006-04-07,13473.56,10426.33
2006-04-10,13469.05,10426.33
2006-04-11,13373.51,10426.33
2006-04-12,13358.85,10426.33
2006-04-13,13378.55,10426.33
2006-04-14,13383.45,10426.33
2006-04-17,13254.47,10426.33
2006-04-18,13304.75,10426.33
2006-04-19,13390.43,10426.33
2006-04-20,13451.08,10426.33
2006-04-21,13469.19,10426.33
2006-04-24,13395.12,10426.33
2006-04-25,13325.12,10426.33
2006-04-26,13348.14,10426.33
2006-04-27,13304.30,10426.33
2006-04-28,13210.14,10426.33
2006-05-01,13235.41,10441.53
2006-05-02,13308.95,10441.53
2006-05-03,13241.93,10441.53
2006-05-04,13224.88,10441.53
2006-05-05,13332.06,10441.53
2006-05-08,13384.88,10441.53
2006-05-09,13358.22,10441.53
2006-05-10,13320.37,10441.53
2006-05-11,13127.97,10441.53
2006-05-12,12894.86,10441.53
2006-05-15,12910.24,10441.53
2006-05-16,12844.73,10441.53
2006-05-17,12679.34,10441.53
2006-05-18,12498.42,10441.53
2006-05-19,12586.48,10441.53
2006-05-22,12373.90,10441.53
2006-05-23,12447.79,10441.53
2006-05-24,12412.36,10441.53
2006-05-25,12498.53,10441.53
2006-05-26,12693.05,10441.53
2006-05-29,12692.69,10441.53
2006-05-30,12429.85,10441.53
2006-05-31,12500.34,10441.53
2006-06-01,12600.26,10457.25
2006-06-02,12612.64,10457.25
2006-06-05,12453.74,10457.25
2006-06-06,12363.90,10457.25
2006-06-07,12306.18,10457.25
2006-06-08,12242.72,10457.25
2006-06-09,12308.76,10457.25
2006-06-12,12229.45,10457.25
2006-06-13,12007.15,10457.25
2006-06-14,12020.46,10457.25
2006-06-15,12253.88,10457.25
2006-06-16,12246.20,10457.25
2006-06-19,12240.26,10457.25
2006-06-20,12232.61,10457.25
2006-06-21,12265.86,10457.25
2006-06-22,12325.53,10457.25
2006-06-23,12377.66,10457.25
2006-06-26,12349.61,10457.25
2006-06-27,12289.94,10457.25
2006-06-28,12319.01,10457.25
2006-06-29,12489.93,10457.25
2006-06-30,12516.95,10457.25
2006-07-03,12586.68,10473.39
2006-07-04,12618.30,10473.39
2006-07-05,12522.83,10473.39
2006-07-06,12533.63,10473.39
2006-07-07,12499.31,10473.39
2006-07-10,12563.90,10473.39
2006-07-11,12530.51,10473.39
2006-07-12,12466.91,10473.39
2006-07-13,12324.75,10473.39
2006-07-14,12228.75,10473.39
2006-07-17,12266.89,10473.39
2006-07-18,12235.76,10473.39
2006-07-19,12381.76,10473.39
2006-07-20,12363.53,10473.39
2006-07-21,12224.81,10473.39
2006-07-24,12455.66,10473.39
2006-07-25,12553.55,10473.39
2006-07-26,12478.90,10473.39
2006-07-27,12535.95,10473.39
2006-07-28,12626.72,10473.39
2006-07-31,12606.47,10473.39
2006-08-01,12517.85,10491.53
2006-08-02,12611.96,10491.53
2006-08-03,12582.67,10491.53
2006-08-04,12580.37,10491.53
2006-08-07,12526.54,10491.53
2006-08-08,12575.55,10491.53
2006-08-09,12498.71,10491.53
2006-08-10,12547.55,10491.53
2006-08-11,12561.68,10491.53
2006-08-14,12605.30,10491.53
2006-08-15,12698.12,10491.53
2006-08-16,12763.09,10491.53
2006-08-17,12786.59,10491.53
2006-08-18,12821.00,10491.53
2006-08-21,12756.04,10491.53
2006-08-22,12820.24,10491.53
2006-08-23,12797.31,10491.53
2006-08-24,12805.78,10491.53
2006-08-25,12797.21,10491.53
2006-08-28,12801.44,10491.53
2006-08-29,12825.73,10491.53
2006-08-30,12837.70,10491.53
2006-08-31,12877.22,10491.53
2006-09-01,12913.19,10510.77
2006-09-04,12953.85,10510.77
2006-09-05,12976.06,10510.77
2006-09-06,12841.15,10510.77
2006-09-07,12799.22,10510.77
2006-09-08,12877.52,10510.77
2006-09-11,12777.21,10510.77
2006-09-12,12890.18,10510.77
2006-09-13,12939.14,10510.77
2006-09-14,12922.91,10510.77
2006-09-15,12990.82,10510.77
2006-09-18,12971.24,10510.77
2006-09-19,12947.77,10510.77
2006-09-20,12991.57,10510.77
2006-09-21,12935.97,10510.77
2006-09-22,12855.30,10510.77
2006-09-25,12920.11,10510.77
2006-09-26,13049.60,10510.77
2006-09-27,13119.71,10510.77
2006-09-28,13147.07,10510.77
2006-09-29,13124.28,10510.77
2006-10-02,13093.16,10530.57
2006-10-03,13071.25,10530.57
2006-10-04,13184.08,10530.57
2006-10-05,13287.19,10530.57
2006-10-06,13315.57,10530.57
2006-10-09,13331.23,10530.57
2006-10-10,13420.82,10530.57
2006-10-11,13400.53,10530.57
2006-10-12,13475.12,10530.57
2006-10-13,13546.75,10530.57
2006-10-16,13592.93,10530.57
2006-10-17,13510.12,10530.57
2006-10-18,13567.01,10530.57
2006-10-19,13516.82,10530.57
2006-10-20,13551.47,10530.57
2006-10-23,13667.16,10530.57
2006-10-24,13664.16,10530.57
2006-10-25,13661.60,10530.57
2006-10-26,13672.59,10530.57
2006-10-27,13561.02,10530.57
2006-10-30,13542.50,10530.57
2006-10-31,13516.11,10530.57
2006-11-01,13478.22,10550.86
2006-11-02,13442.89,10550.86
2006-11-03,13482.36,10550.86
2006-11-06,13609.01,10550.86
2006-11-07,13611.64,10550.86
2006-11-08,13620.34,10550.86
2006-11-09,13523.76,10550.86
2006-11-10,13503.06,10550.86
2006-11-13,13532.49,10550.86
2006-11-14,13603.37,10550.86
2006-11-15,13633.08,10550.86
2006-11-16,13661.63,10550.86
2006-11-17,13587.94,10550.86
2006-11-20,13583.61,10550.86
2006-11-21,13596.65,10550.86
2006-11-22,13580.94,10550.86
2006-11-23,13564.90,10550.86
2006-11-24,13398.45,10550.86
2006-11-27,13227.29,10550.86
2006-11-28,13178.21,10550.86
2006-11-29,13366.82,10550.86
2006-11-30,13309.70,10550.86
2006-12-01,13200.09,10572.68
2006-12-04,13302.62,10572.68
2006-12-05,13369.20,10572.68
2006-12-06,13386.63,10572.68
2006-12-07,13391.43,10572.68
2006-12-08,13440.75,10572.68
2006-12-11,13458.59,10572.68
2006-12-12,13448.47,10572.68
2006-12-13,13524.34,10572.68
2006-12-14,13669.85,10572.68
2006-12-15,13746.93,10572.68
2006-12-18,13700.61,10572.68
2006-12-19,13606.29,10572.68
2006-12-20,13640.13,10572.68
2006-12-21,13610.92,10572.68
2006-12-22,13605.56,10572.68
2006-12-25,13581.17,10572.68
2006-12-26,13627.20,10572.68
2006-12-27,13734.88,10572.68
2006-12-28,13716.43,10572.68
2006-12-29,13644.06,10572.68
2007-01-02,13651.27,10595.96
2007-01-03,13691.38,10595.96
2007-01-04,13745.30,10595.96
2007-01-05,13730.52,10595.96
2007-01-08,13688.85,10595.96
2007-01-09,13734.84,10595.96
2007-01-10,13729.89,10595.96
2007-01-11,13877.22,10595.96
2007-01-12,13945.74,10595.96
2007-01-15,13991.24,10595.96
2007-01-16,13972.67,10595.96
2007-01-17,13961.40,10595.96
2007-01-18,13917.83,10595.96
2007-01-19,13978.04,10595.96
2007-01-22,13941.41,10595.96
2007-01-23,13921.83,10595.96
2007-01-24,14086.40,10595.96
2007-01-25,13988.12,10595.96
2007-01-26,13963.79,10595.96
2007-01-29,13935.60,10595.96
2007-01-30,13996.31,10595.96
2007-01-31,13985.51,10595.96
2007-02-01,14095.25,10620.59
2007-02-02,14169.04,10620.59
2007-02-05,14179.43,10620.59
2007-02-06,14186.61,10620.59
2007-02-07,14167.44,10620.59
2007-02-08,14100.41,10620.59
2007-02-09,14112.15,10620.59
2007-02-12,14086.54,10620.59
2007-02-13,14124.36,10620.59
2007-02-14,14160.77,10620.59
2007-02-15,14199.26,10620.59
2007-02-16,14180.10,10620.59
2007-02-20,14203.57,10620.59
2007-02-21,14164.86,10620.59
2007-02-22,14194.57,10620.59
2007-02-23,14166.82,10620.59
2007-02-26,14167.68,10620.59
2007-02-27,13776.70,10620.59
2007-02-28,13667.73,10620.59
2007-03-01,13631.33,10646.68
2007-03-02,13524.08,10646.68
2007-03-05,13395.00,10646.68
2007-03-06,13533.45,10646.68
2007-03-07,13516.28,10646.68
2007-03-08,13680.38,10646.68
2007-03-09,13702.58,10646.68
2007-03-12,13692.37,10646.68
2007-03-13,13502.00,10646.68
2007-03-14,13333.88,10646.68
2007-03-15,13421.41,10646.68
2007-03-16,13364.97,10646.68
2007-03-19,13525.49,10646.68
2007-03-20,13617.19,10646.68
2007-03-21,13675.45,10646.68
2007-03-22,13857.85,10646.68
2007-03-23,13932.16,10646.68
2007-03-26,13860.58,10646.68
2007-03-27,13769.64,10646.68
2007-03-28,13744.99,10646.68
2007-03-29,13775.24,10646.68
2007-03-30,13732.94,10646.68
2007-04-02,13758.85,10673.24
2007-04-03,13943.62,10673.24
2007-04-04,13942.32,10673.24
2007-04-05,13924.98,10673.24
2007-04-09,13986.06,10673.24
2007-04-10,13991.03,10673.24
2007-04-11,13935.07,10673.24
2007-04-12,13926.11,10673.24
2007-04-13,13928.66,10673.24
2007-04-16,14077.90,10673.24
2007-04-17,14062.01,10673.24
2007-04-18,14029.59,10673.24
2007-04-19,13965.01,10673.24
2007-04-20,14123.75,10673.24
2007-04-23,14096.11,10673.24
2007-04-24,14013.38,10673.24
2007-04-25,14110.93,10673.24
2007-04-26,14144.23,10673.24
2007-04-27,14052.02,10673.24
2007-04-30,14005.24,10673.24
2007-05-01,14041.55,10699.82
2007-05-02,14140.36,10699.82
2007-05-03,14216.23,10699.82
2007-05-04,14239.12,10699.82
2007-05-07,14305.99,10699.82
2007-05-08,14287.24,10699.82
2007-05-09,14357.82,10699.82
2007-05-10,14247.07,10699.82
2007-05-11,14278.58,10699.82
2007-05-14,14256.36,10699.82
2007-05-15,14213.67,10699.82
2007-05-16,14327.62,10699.82
2007-05-17,14329.76,10699.82
2007-05-18,14391.52,10699.82
2007-05-21,14449.35,10699.82
2007-05-22,14476.68,10699.82
2007-05-23,14520.71,10699.82
2007-05-24,14412.72,10699.82
2007-05-25,14419.81,10699.82
2007-05-29,14469.93,10699.82
2007-05-30,14509.29,10699.82
2007-05-31,14558.91,10699.82
2007-06-01,14652.81,10727.74
2007-06-04,14635.07,10727.74
2007-06-05,14555.57,10727.74
2007-06-06,14428.85,10727.74
2007-06-07,14292.56,10727.74
2007-06-08,14362.33,10727.74
2007-06-11,14440.75,10727.74
2007-06-12,14365.36,10727.74
2007-06-13,14461.38,10727.74
2007-06-14,14582.24,10727.74
2007-06-15,14650.47,10727.74
2007-06-18,14613.29,10727.74
2007-06-19,14610.58,10727.74
2007-06-20,14561.57,10727.74
2007-06-21,14553.44,10727.74
2007-06-22,14363.63,10727.74
2007-06-25,14319.44,10727.74
2007-06-26,14292.24,10727.74
2007-06-27,14285.50,10727.74
2007-06-28,14369.39,10727.74
2007-06-29,14325.13,10727.74
2007-07-02,14354.55,10757.12
2007-07-03,14441.48,10757.12
2007-07-05,14459.61,10757.12
2007-07-06,14485.93,10757.12
2007-07-09,14530.06,10757.12
2007-07-10,14268.96,10757.12
2007-07-11,14296.76,10757.12
2007-07-12,14451.33,10757.12
2007-07-13,14525.75,10757.12
2007-07-16,14530.63,10757.12
2007-07-17,14497.53,10757.12
2007-07-18,14410.28,10757.12
2007-07-19,14515.05,10757.12
2007-07-20,14376.68,10757.12
2007-07-23,14425.60,10757.12
2007-07-24,14200.16,10757.12
2007-07-25,14239.51,10757.12
2007-07-26,13897.07,10757.12
2007-07-27,13807.05,10757.12
2007-07-30,13806.80,10757.12
2007-07-31,13858.85,10757.12
2007-08-01,13767.70,10786.66
2007-08-02,13816.79,10786.66
2007-08-03,13534.09,10786.66
2007-08-06,13638.74,10786.66
2007-08-07,13769.76,10786.66
2007-08-08,13940.39,10786.66
2007-08-09,13763.66,10786.66
2007-08-10,13529.73,10786.66
2007-08-13,13688.19,10786.66
2007-08-14,13569.00,10786.66
2007-08-15,13469.51,10786.66
2007-08-16,13281.38,10786.66
2007-08-17,13434.06,10786.66
2007-08-20,13542.95,10786.66
2007-08-21,13611.55,10786.66
2007-08-22,13682.62,10786.66
2007-08-23,13750.14,10786.66
2007-08-24,13749.11,10786.66
2007-08-27,13744.28,10786.66
2007-08-28,13541.12,10786.66
2007-08-29,13617.46,10786.66
2007-08-30,13672.21,10786.66
2007-08-31,13886.34,10786.66
2007-09-04,13998.81,10816.30
2007-09-05,13805.79,10816.30
2007-09-06,13827.08,10816.30
2007-09-07,13564.20,10816.30
2007-09-11,13614.00,10816.30
2007-09-12,13579.37,10816.30
2007-09-13,13704.60,10816.30
2007-09-14,13672.43,10816.30
2007-09-17,13579.62,10816.30
2007-09-18,13737.89,10816.30
2007-09-19,13974.20,10816.30
2007-09-20,13862.91,10816.30
2007-09-21,13895.16,10816.30
2007-09-24,13887.42,10816.30
2007-09-25,13793.52,10816.30
2007-09-26,13870.40,10816.30
2007-09-27,13974.24,10816.30
2007-09-28,13883.93,10816.30
2007-10-01,14043.65,10846.29
2007-10-02,14136.14,10846.29
2007-10-03,14169.94,10846.29
2007-10-04,14135.04,10846.29
2007-10-05,14253.19,10846.29
2007-10-08,14277.41,10846.29
2007-10-09,14323.85,10846.29
2007-10-10,14315.94,10846.29
2007-10-11,14293.08,10846.29
2007-10-12,14303.16,10846.29
2007-10-15,14207.32,10846.29
2007-10-16,14091.46,10846.29
2007-10-17,14097.53,10846.29
2007-10-18,14043.21,10846.29
2007-10-19,13791.27,10846.29
2007-10-22,13807.09,10846.29
2007-10-23,13891.53,10846.29
2007-10-24,13838.08,10846.29
2007-10-25,13844.48,10846.29
2007-10-26,13973.21,10846.29
2007-10-29,14065.75,10846.29
2007-10-30,13965.26,10846.29
2007-10-31,14087.67,10846.29
2007-11-01,13892.96,10876.65
2007-11-02,13804.16,10876.65
2007-11-05,13685.34,10876.65
2007-11-06,13744.35,10876.65
2007-11-07,13518.57,10876.65
2007-11-08,13386.60,10876.65
2007-11-09,13201.39,10876.65
2007-11-12,13154.38,10876.65
2007-11-13,13272.63,10876.65
2007-11-14,13272.57,10876.65
2007-11-15,13134.41,10876.65
2007-11-16,13075.36,10876.65
2007-11-19,12850.73,10876.65
2007-11-20,12851.07,10876.65
2007-11-21,12596.58,10876.65
2007-11-23,12810.22,10876.65
2007-11-27,12753.66,10876.65
2007-11-28,13041.81,10876.65
2007-11-29,13156.11,10876.65
2007-11-30,13333.61,10876.65
2007-12-03,13255.65,10906.76
2007-12-04,13082.69,10906.76
2007-12-05,13372.39,10906.76
2007-12-06,13454.81,10906.76
2007-12-07,13493.14,10906.76
2007-12-10,13538.31,10906.76
2007-12-11,13394.18,10906.76
2007-12-12,13392.00,10906.76
2007-12-13,13290.30,10906.76
2007-12-14,13309.05,10906.76
2007-12-17,13082.80,10906.76
2007-12-19,13090.95,10906.76
2007-12-20,13181.87,10906.76
2007-12-21,13332.19,10906.76
2007-12-24,13395.36,10906.76
2007-12-26,13381.28,10906.76
2007-12-27,13214.35,10906.76
2007-12-28,13148.95,10906.76
2007-12-31,13191.58,10906.76
2008-01-02,12997.52,10937.31
2008-01-03,12963.73,10937.31
2008-01-04,12674.05,10937.31
2008-01-07,12665.48,10937.31
2008-01-08,12575.07,10937.31
2008-01-09,12625.45,10937.31
2008-01-10,12517.69,10937.31
2008-01-11,12417.32,10937.31
2008-01-14,12455.58,10937.31
2008-01-15,12186.08,10937.31
2008-01-16,12122.14,10937.31
2008-01-17,11994.47,10937.31
2008-01-18,11930.76,10937.31
2008-01-22,11535.03,10937.31
2008-01-23,11592.87,10937.31
2008-01-24,11834.49,10937.31
2008-01-25,11882.89,10937.31
2008-01-28,11824.16,10937.31
2008-01-29,11975.53,10937.31
2008-01-30,11862.60,10937.31
2008-01-31,11976.79,10937.31
2008-02-01,12169.15,10969.53
2008-02-04,12139.77,10969.53
2008-02-05,11897.07,10969.53
2008-02-06,11813.64,10969.53
2008-02-07,11840.94,10969.53
2008-02-08,11810.96,10969.53
2008-02-11,11827.28,10969.53
2008-02-12,11953.13,10969.53
2008-02-13,12051.10,10969.53
2008-02-14,11964.90,10969.53
2008-02-15,11887.03,10969.53
2008-02-19,11949.16,10969.53
2008-02-20,11904.01,10969.53
2008-02-21,11851.47,10969.53
2008-02-22,11847.99,10969.53
2008-02-25,12037.38,10969.53
2008-02-26,12074.87,10969.53
2008-02-27,12008.57,10969.53
2008-02-28,11852.41,10969.53
2008-02-29,11613.92,10969.53
2008-03-03,11486.69,11000.74
2008-03-04,11408.09,11000.74
2008-03-05,11466.08,11000.74
2008-03-06,11263.85,11000.74
2008-03-07,11136.03,11000.74
2008-03-10,10993.50,11000.74
2008-03-11,11230.41,11000.74
2008-03-12,11164.30,11000.74
2008-03-13,11091.51,11000.74
2008-03-14,10894.93,11000.74
2008-03-17,10623.26,11000.74
2008-03-18,11035.20,11000.74
2008-03-19,10861.77,11000.74
2008-03-20,11037.72,11000.74
2008-03-24,11134.54,11000.74
2008-03-25,11259.28,11000.74
2008-03-26,11091.55,11000.74
2008-03-27,11074.89,11000.74
2008-03-28,11009.49,11000.74
2008-03-31,11058.60,11000.74
2008-04-02,11460.14,11032.67
2008-04-03,11502.11,11032.67
2008-04-04,11516.30,11032.67
2008-04-07,11578.39,11032.67
2008-04-08,11493.31,11032.67
2008-04-09,11324.53,11032.67
2008-04-10,11403.48,11032.67
2008-04-11,11227.31,11032.67
2008-04-14,11120.62,11032.67
2008-04-15,11200.09,11032.67
2008-04-16,11343.04,11032.67
2008-04-17,11352.56,11032.67
2008-04-18,11538.15,11032.67
2008-04-21,11535.28,11032.67
2008-04-22,11406.90,11032.67
2008-04-23,11501.17,11032.67
2008-04-24,11612.48,11032.67
2008-04-25,11762.62,11032.67
2008-04-28,11771.57,11032.67
2008-04-29,11770.90,11032.67
2008-04-30,11718.92,11032.67
2008-05-02,12029.42,11064.95
2008-05-05,11981.20,11064.95
2008-05-06,12005.97,11064.95
2008-05-07,12017.80,11064.95
2008-05-08,12034.54,11064.95
2008-05-09,11859.82,11064.95
2008-05-12,11925.14,11064.95
2008-05-13,11969.64,11064.95
2008-05-14,12009.74,11064.95
2008-05-15,12137.67,11064.95
2008-05-16,12137.00,11064.95
2008-05-19,12191.76,11064.95
2008-05-20,11995.84,11064.95
2008-05-21,11776.81,11064.95
2008-05-22,11830.25,11064.95
2008-05-23,11663.71,11064.95
2008-05-27,11696.30,11064.95
2008-05-28,11744.15,11064.95
2008-05-29,11884.58,11064.95
2008-05-30,11896.76,11064.95
2008-06-02,11831.48,11097.57
2008-06-03,11849.61,11097.57
2008-06-04,11823.52,11097.57
2008-06-05,11818.67,11097.57
2008-06-06,11502.33,11097.57
2008-06-09,11545.68,11097.57
2008-06-10,11528.31,11097.57
2008-06-11,11332.86,11097.57
2008-06-12,11356.14,11097.57
2008-06-13,11509.78,11097.57
2008-06-16,11504.84,11097.57
2008-06-17,11479.77,11097.57
2008-06-18,11369.23,11097.57
2008-06-19,11339.42,11097.57
2008-06-20,11108.75,11097.57
2008-06-23,11131.05,11097.57
2008-06-24,11073.51,11097.57
2008-06-25,11054.88,11097.57
2008-06-26,10804.78,11097.57
2008-06-27,10737.17,11097.57
2008-06-30,10797.28,11097.57
2008-07-02,10503.30,11130.41
2008-07-03,10603.13,11130.41
2008-07-07,10532.67,11130.41
2008-07-08,10577.17,11130.41
2008-07-09,10499.01,11130.41
2008-07-10,10449.30,11130.41
2008-07-11,10238.63,11130.41
2008-07-14,10245.62,11130.41
2008-07-15,10100.01,11130.41
2008-07-16,10253.47,11130.41
2008-07-17,10408.26,11130.41
2008-07-18,10429.61,11130.41
2008-07-21,10438.80,11130.41
2008-07-22,10586.65,11130.41
2008-07-23,10712.40,11130.41
2008-07-24,10552.35,11130.41
2008-07-25,10510.78,11130.41
2008-07-28,10375.99,11130.41
2008-07-29,10534.07,11130.41
2008-07-30,10713.06,11130.41
2008-07-31,10634.72,11130.41
2008-08-01,10526.15,11163.44
2008-08-04,10435.57,11163.44
2008-08-05,10675.46,11163.44
2008-08-06,10770.65,11163.44
2008-08-07,10715.23,11163.44
2008-08-08,10974.06,11163.44
2008-08-11,11143.99,11163.44
2008-08-12,11056.26,11163.44
2008-08-13,10922.94,11163.44
2008-08-14,11060.41,11163.44
2008-08-15,11089.07,11163.44
2008-08-18,11022.45,11163.44
2008-08-19,10776.38,11163.44
2008-08-20,10872.47,11163.44
2008-08-21,10816.36,11163.44
2008-08-22,10967.72,11163.44
2008-08-25,10903.68,11163.44
2008-08-26,10946.70,11163.44
2008-08-27,10959.28,11163.44
2008-08-28,11107.48,11163.44
2008-08-29,11113.72,11163.44
2008-09-02,11095.73,11196.73
2008-09-03,11032.46,11196.73
2008-09-04,10901.74,11196.73
2008-09-05,10782.13,11196.73
2008-09-08,11119.67,11196.73
2008-09-09,10840.89,11196.73
2008-09-10,10963.87,11196.73
2008-09-11,10941.34,11196.73
2008-09-12,10927.79,11196.73
2008-09-15,10513.19,11196.73
2008-09-16,10539.48,11196.73
2008-09-17,10086.54,11196.73
2008-09-18,10320.38,11196.73
2008-09-19,10791.01,11196.73
2008-09-22,10370.95,11196.73
2008-09-23,10320.73,11196.73
2008-09-24,10315.34,11196.73
2008-09-25,10451.19,11196.73
2008-09-26,10396.27,11196.73
2008-09-29,9807.37,11196.73
2008-09-30,10177.48,11196.73
2008-10-01,10250.66,11231.84
2008-10-02,10030.10,11231.84
2008-10-03,10029.90,11231.84
2008-10-06,9638.48,11231.84
2008-10-07,9290.31,11231.84
2008-10-08,8921.61,11231.84
2008-10-09,8531.44,11231.84
2008-10-10,8234.74,11231.84
2008-10-13,8873.89,11231.84
2008-10-14,9103.74,11231.84
2008-10-15,8569.66,11231.84
2008-10-16,8416.81,11231.84
2008-10-17,8599.71,11231.84
2008-10-20,9009.72,11231.84
2008-10-21,9024.81,11231.84
2008-10-22,8607.14,11231.84
2008-10-23,8534.78,11231.84
2008-10-24,8367.82,11231.84
2008-10-27,8108.86,11231.84
2008-10-28,8438.03,11231.84
2008-10-29,8640.13,11231.84
2008-10-30,8957.31,11231.84
2008-10-31,9112.26,11231.84
2008-11-03,9214.57,11269.33
2008-11-04,9392.19,11269.33
2008-11-05,9214.59,11269.33
2008-11-06,8825.47,11269.33
2008-11-07,8951.93,11269.33
2008-11-10,8937.61,11269.33
2008-11-11,8765.24,11269.33
2008-11-12,8438.89,11269.33
2008-11-13,8467.85,11269.33
2008-11-14,8457.16,11269.33
2008-11-17,8234.10,11269.33
2008-11-18,8261.75,11269.33
2008-11-19,7954.72,11269.33
2008-11-20,7507.85,11269.33
2008-11-21,7654.03,11269.33
2008-11-24,7992.58,11269.33
2008-11-25,8046.69,11269.33
2008-11-26,8240.41,11269.33
2008-11-28,8519.30,11269.33
2008-12-01,7986.43,11302.95
2008-12-02,8073.91,11302.95
2008-12-03,8207.99,11302.95
2008-12-04,8011.84,11302.95
2008-12-05,8082.03,11302.95
2008-12-08,8396.75,11302.95
2008-12-09,8322.11,11302.95
2008-12-10,8365.21,11302.95
2008-12-11,8125.53,11302.95
2008-12-12,8032.39,11302.95
2008-12-15,7885.82,11302.95
2008-12-16,7904.04,11302.95
2008-12-17,7832.39,11302.95
2008-12-18,7791.23,11302.95
2008-12-19,7900.24,11302.95
2008-12-22,7761.40,11302.95
2008-12-23,7719.85,11302.95
2008-12-24,7678.83,11302.95
2008-12-26,7718.98,11302.95
2008-12-29,7770.36,11302.95
2008-12-30,7851.52,11302.95
2008-12-31,7971.04,11302.95
2009-01-02,8224.23,11332.41
2009-01-05,8403.19,11332.41
2009-01-06,8567.69,11332.41
2009-01-07,8345.88,11332.41
2009-01-08,8305.24,11332.41
2009-01-09,8297.98,11332.41
2009-01-12,8189.30,11332.41
2009-01-13,8163.73,11332.41
2009-01-14,7903.29,11332.41
2009-01-15,7876.82,11332.41
2009-01-16,7907.95,11332.41
2009-01-20,7734.56,11332.41
2009-01-21,7839.61,11332.41
2009-01-22,7748.87,11332.41
2009-01-23,7711.21,11332.41
2009-01-26,7759.55,11332.41
2009-01-27,7838.18,11332.41
2009-01-28,8081.13,11332.41
2009-01-29,8022.10,11332.41
2009-01-30,7929.45,11332.41
2009-02-02,7853.68,11357.78
2009-02-03,7867.93,11357.78
2009-02-04,7980.28,11357.78
2009-02-05,8071.09,11357.78
2009-02-06,8157.50,11357.78
2009-02-09,8190.20,11357.78
2009-02-10,7913.55,11357.78
2009-02-11,7967.09,11357.78
2009-02-12,7893.90,11357.78
2009-02-13,7886.16,11357.78
2009-02-17,7665.39,11357.78
2009-02-18,7635.38,11357.78
2009-02-19,7560.15,11357.78
2009-02-20,7304.40,11357.78
2009-02-23,7239.93,11357.78
2009-02-24,7249.94,11357.78
2009-02-25,7277.85,11357.78
2009-02-26,7276.23,11357.78
2009-02-27,7181.68,11357.78
2009-03-02,6878.04,11380.75
2009-03-03,6814.90,11380.75
2009-03-04,6953.16,11380.75
2009-03-05,6761.08,11380.75
2009-03-06,6678.79,11380.75
2009-03-09,6611.15,11380.75
2009-03-10,6913.13,11380.75
2009-03-11,6916.68,11380.75
2009-03-12,7006.10,11380.75
2009-03-13,7097.22,11380.75
2009-03-16,7152.16,11380.75
2009-03-17,7242.19,11380.75
2009-03-18,7087.25,11380.75
2009-03-19,7122.20,11380.75
2009-03-20,7044.83,11380.75
2009-03-23,7387.52,11380.75
2009-03-24,7405.89,11380.75
2009-03-25,7402.10,11380.75
2009-03-26,7535.98,11380.75
2009-03-27,7520.08,11380.75
2009-03-30,7282.70,11380.75
2009-03-31,7363.88,11380.75
2009-04-01,7479.28,11401.23
2009-04-02,7673.24,11401.23
2009-04-03,7688.52,11401.23
2009-04-06,7666.30,11401.23
2009-04-07,7596.78,11401.23
2009-04-08,7637.45,11401.23
2009-04-09,7932.36,11401.23
2009-04-13,7850.86,11401.23
2009-04-14,7865.04,11401.23
2009-04-15,7908.01,11401.23
2009-04-16,8045.74,11401.23
2009-04-17,8181.84,11401.23
2009-04-20,7958.03,11401.23
2009-04-21,8019.91,11401.23
2009-04-22,7986.41,11401.23
2009-04-23,7965.57,11401.23
2009-04-24,8066.26,11401.23
2009-04-27,8156.02,11401.23
2009-04-28,7991.71,11401.23
2009-04-29,8091.15,11401.23
2009-04-30,8173.09,11401.23
2009-05-01,8183.86,11420.58
2009-05-04,8317.47,11420.58
2009-05-05,8394.02,11420.58
2009-05-06,8507.15,11420.58
2009-05-07,8448.23,11420.58
2009-05-08,8471.01,11420.58
2009-05-11,8411.68,11420.58
2009-05-12,8360.28,11420.58
2009-05-13,8197.55,11420.58
2009-05-14,8182.47,11420.58
2009-05-15,8262.62,11420.58
2009-05-18,8363.93,11420.58
2009-05-19,8419.52,11420.58
2009-05-20,8381.71,11420.58
2009-05-21,8165.38,11420.58
2009-05-22,8145.85,11420.58
2009-05-26,8292.81,11420.58
2009-05-27,8332.86,11420.58
2009-05-28,8302.47,11420.58
2009-05-29,8295.92,11420.58
2009-06-01,8502.71,11438.61
2009-06-02,8466.80,11438.61
2009-06-03,8409.66,11438.61
2009-06-04,8425.06,11438.61
2009-06-05,8516.16,11438.61
2009-06-08,8493.79,11438.61
2009-06-09,8464.58,11438.61
2009-06-10,8552.57,11438.61
2009-06-11,8556.31,11438.61
2009-06-12,8600.04,11438.61
2009-06-15,8505.22,11438.61
2009-06-16,8403.56,11438.61
2009-06-17,8273.05,11438.61
2009-06-18,8339.60,11438.61
2009-06-19,8380.29,11438.61
2009-06-22,8202.69,11438.61
2009-06-23,8070.29,11438.61
2009-06-24,8260.68,11438.61
2009-06-25,8289.72,11438.61
2009-06-26,8307.02,11438.61
2009-06-29,8345.56,11438.61
2009-06-30,8317.99,11438.61
2009-07-01,8333.32,11455.82
2009-07-02,8220.51,11455.82
2009-07-06,8152.95,11455.82
2009-07-07,8093.34,11455.82
2009-07-08,8037.12,11455.82
2009-07-09,8000.56,11455.82
2009-07-10,8005.42,11455.82
2009-07-13,8093.71,11455.82
2009-07-14,8196.08,11455.82
2009-07-15,8347.47,11455.82
2009-07-16,8396.79,11455.82
2009-07-17,8435.91,11455.82
2009-07-20,8482.84,11455.82
2009-07-21,8568.87,11455.82
2009-07-22,8571.33,11455.82
2009-07-23,8757.91,11455.82
2009-07-24,8756.10,11455.82
2009-07-27,8774.00,11455.82
2009-07-28,8801.37,11455.82
2009-07-29,8843.35,11455.82
2009-07-30,8930.80,11455.82
2009-07-31,8876.68,11455.82
2009-08-03,8953.21,11472.72
2009-08-04,8958.08,11472.72
2009-08-05,8920.81,11472.72
2009-08-06,8925.62,11472.72
2009-08-07,9072.43,11472.72
2009-08-10,9085.81,11472.72
2009-08-11,8978.91,11472.72
2009-08-12,9015.96,11472.72
2009-08-13,9082.70,11472.72
2009-08-14,9053.13,11472.72
2009-08-17,8873.27,11472.72
2009-08-18,8930.90,11472.72
2009-08-19,8924.07,11472.72
2009-08-20,9025.58,11472.72
2009-08-21,9121.42,11472.72
2009-08-24,9209.98,11472.72
2009-08-25,9242.69,11472.72
2009-08-26,9238.53,11472.72
2009-08-27,9146.59,11472.72
2009-08-28,9259.76,11472.72
2009-08-31,9163.98,11472.72
2009-09-01,9084.44,11488.47
2009-09-02,8982.69,11488.47
2009-09-03,9039.40,11488.47
2009-09-04,9103.07,11488.47
2009-09-08,9168.11,11488.47
2009-09-09,9206.81,11488.47
2009-09-10,9255.06,11488.47
2009-09-11,9300.33,11488.47
2009-09-14,9245.19,11488.47
2009-09-15,9239.29,11488.47
2009-09-16,9364.06,11488.47
2009-09-17,9386.38,11488.47
2009-09-18,9366.81,11488.47
2009-09-21,9319.74,11488.47
2009-09-22,9343.90,11488.47
2009-09-23,9352.26,11488.47
2009-09-24,9274.09,11488.47
2009-09-25,9193.10,11488.47
2009-09-28,9334.37,11488.47
2009-09-29,9338.50,11488.47
2009-09-30,9308.32,11488.47
2009-10-01,9188.23,11503.25
2009-10-02,9038.09,11503.25
2009-10-05,9078.03,11503.25
2009-10-06,9223.94,11503.25
2009-10-07,9235.82,11503.25
2009-10-08,9321.29,11503.25
2009-10-09,9366.95,11503.25
2009-10-12,9378.31,11503.25
2009-10-13,9311.79,11503.25
2009-10-14,9425.72,11503.25
2009-10-15,9441.12,11503.25
2009-10-16,9388.69,11503.25
2009-10-19,9469.83,11503.25
2009-10-20,9452.15,11503.25
2009-10-21,9385.51,11503.25
2009-10-22,9364.13,11503.25
2009-10-23,9302.92,11503.25
2009-10-26,9285.63,11503.25
2009-10-27,9242.70,11503.25
2009-10-28,9121.59,11503.25
2009-10-29,9201.74,11503.25
2009-10-30,9082.18,11503.25
2009-11-02,9080.49,11517.77
2009-11-03,9071.23,11517.77
2009-11-04,9078.16,11517.77
2009-11-05,9176.40,11517.77
2009-11-06,9229.53,11517.77
2009-11-09,9337.79,11517.77
2009-11-10,9346.31,11517.77
2009-11-11,9384.29,11517.77
2009-11-12,9387.33,11517.77
2009-11-13,9400.66,11517.77
2009-11-16,9494.32,11517.77
2009-11-17,9511.20,11517.77
2009-11-18,9473.44,11517.77
2009-11-19,9346.90,11517.77
2009-11-20,9329.89,11517.77
2009-11-23,9429.76,11517.77
2009-11-24,9385.77,11517.77
2009-11-25,9362.85,11517.77
2009-11-27,9242.55,11517.77
2009-11-30,9246.32,11517.77
2009-12-01,9399.52,11531.72
2009-12-02,9429.69,11531.72
2009-12-03,9388.87,11531.72
2009-12-04,9520.34,11531.72
2009-12-07,9511.93,11531.72
2009-12-08,9471.27,11531.72
2009-12-09,9435.86,11531.72
2009-12-10,9489.21,11531.72
2009-12-11,9564.20,11531.72
2009-12-14,9621.55,11531.72
2009-12-15,9633.88,11531.72
2009-12-16,9696.66,11531.72
2009-12-17,9662.16,11531.72
2009-12-18,9659.29,11531.72
2009-12-21,9791.35,11531.72
2009-12-22,9850.80,11531.72
2009-12-23,9849.29,11531.72
2009-12-24,9862.78,11531.72
2009-12-28,9904.32,11531.72
2009-12-29,9926.20,11531.72
2009-12-30,9899.85,11531.72
2009-12-31,9866.81,11531.72
2010-01-04,9972.48,11545.44
2010-01-05,10032.97,11545.44
2010-01-06,10036.03,11545.44
2010-01-07,10076.95,11545.44
2010-01-08,10063.28,11545.44
2010-01-11,10056.59,11545.44
2010-01-12,10022.72,11545.44
2010-01-13,10016.44,11545.44
2010-01-14,10088.15,11545.44
2010-01-15,10056.81,11545.44
2010-01-19,10198.83,11545.44
2010-01-20,10159.74,11545.44
2010-01-21,10020.44,11545.44
2010-01-22,9845.92,11545.44
2010-01-25,9833.95,11545.44
2010-01-26,9834.72,11545.44
2010-01-27,9834.72,11545.44
2010-01-28,9770.74,11545.44
2010-01-29,9773.01,11545.44
2010-02-01,9839.62,11558.34
2010-02-02,9925.94,11558.34
2010-02-03,9914.28,11558.34
2010-02-04,9735.33,11558.34
2010-02-05,9691.80,11558.34
2010-02-08,9687.64,11558.34
2010-02-09,9692.61,11558.34
2010-02-10,9708.34,11558.34
2010-02-11,9834.27,11558.34
2010-02-12,9831.67,11558.34
2010-02-16,9915.42,11558.34
2010-02-17,10074.12,11558.34
2010-02-18,10186.29,11558.34
2010-02-19,10082.81,11558.34
2010-02-22,10139.37,11558.34
2010-02-23,10078.38,11558.34
2010-02-24,10115.33,11558.34
2010-02-25,10059.25,11558.34
2010-02-26,10065.11,11558.34
2010-03-01,10201.75,11570.80
2010-03-02,10228.58,11570.80
2010-03-03,10228.59,11570.80
2010-03-04,10290.52,11570.80
2010-03-05,10396.82,11570.80
2010-03-08,10430.65,11570.80
2010-03-09,10448.94,11570.80
2010-03-10,10466.62,11570.80
2010-03-11,10465.00,11570.80
2010-03-12,10434.33,11570.80
2010-03-15,10458.78,11570.80
2010-03-16,10492.31,11570.80
2010-03-17,10592.25,11570.80
2010-03-18,10639.08,11570.80
2010-03-19,10642.02,11570.80
2010-03-22,10644.88,11570.80
2010-03-23,10792.06,11570.80
2010-03-24,10803.10,11570.80
2010-03-25,10839.78,11570.80
2010-03-26,10770.28,11570.80
2010-03-29,10780.57,11570.80
2010-03-30,10836.29,11570.80
2010-03-31,10760.35,11570.80
2010-04-01,10803.59,11582.90
2010-04-05,10929.45,11582.90
2010-04-06,11003.30,11582.90
2010-04-07,11004.94,11582.90
2010-04-08,10977.10,11582.90
2010-04-09,10970.68,11582.90
2010-04-12,10946.70,11582.90
2010-04-13,10905.75,11582.90
2010-04-14,10987.17,11582.90
2010-04-15,11074.49,11582.90
2010-04-16,10955.15,11582.90
2010-04-19,10927.47,11582.90
2010-04-20,11063.66,11582.90
2010-04-21,11078.01,11582.90
2010-04-22,11115.77,11582.90
2010-04-23,11081.20,11582.90
2010-04-26,11096.35,11582.90
2010-04-27,11049.38,11582.90
2010-04-28,10940.48,11582.90
2010-04-29,11027.00,11582.90
2010-04-30,10910.79,11582.90
2010-05-03,11027.98,11594.13
2010-05-04,10937.58,11594.13
2010-05-05,10939.03,11594.13
2010-05-06,10790.16,11594.13
2010-05-07,10432.97,11594.13
2010-05-10,10924.30,11594.13
2010-05-11,10974.15,11594.13
2010-05-12,11095.11,11594.13
2010-05-13,11121.07,11594.13
2010-05-14,10991.81,11594.13
2010-05-17,10898.99,11594.13
2010-05-18,11048.50,11594.13
2010-05-19,10698.60,11594.13
2010-05-20,10314.41,11594.13
2010-05-21,10334.90,11594.13
2010-05-24,10430.10,11594.13
2010-05-25,10277.47,11594.13
2010-05-26,10467.76,11594.13
2010-05-27,10631.60,11594.13
2010-05-28,10649.10,11594.13
2010-06-01,10575.87,11604.98
2010-06-02,10673.19,11604.98
2010-06-03,10850.59,11604.98
2010-06-04,10714.11,11604.98
2010-06-07,10567.34,11604.98
2010-06-08,10567.96,11604.98
2010-06-09,10597.51,11604.98
2010-06-10,10745.17,11604.98
2010-06-11,10790.69,11604.98
2010-06-14,10800.92,11604.98
2010-06-15,10882.57,11604.98
2010-06-16,10919.10,11604.98
2010-06-17,10872.99,11604.98
2010-06-18,10893.61,11604.98
2010-06-21,11015.37,11604.98
2010-06-22,10902.37,11604.98
2010-06-23,10769.45,11604.98
2010-06-24,10621.56,11604.98
2010-06-25,10556.40,11604.98
2010-06-28,10682.16,11604.98
2010-06-29,10419.49,11604.98
2010-06-30,10315.98,11604.98
2010-07-01,10037.11,11615.34
2010-07-02,9995.58,11615.34
2010-07-06,10100.20,11615.34
2010-07-07,10285.15,11615.34
2010-07-08,10364.79,11615.34
2010-07-09,10467.97,11615.34
2010-07-12,10514.31,11615.34
2010-07-13,10574.83,11615.34
2010-07-14,10586.59,11615.34
2010-07-15,10435.84,11615.34
2010-07-16,10209.92,11615.34
2010-07-19,10202.71,11615.34
2010-07-20,10279.40,11615.34
2010-07-21,10331.84,11615.34
2010-07-22,10428.59,11615.34
2010-07-23,10488.26,11615.34
2010-07-26,10539.22,11615.34
2010-07-27,10550.77,11615.34
2010-07-28,10533.83,11615.34
2010-07-29,10453.09,11615.34
2010-07-30,10445.38,11615.34
2010-08-02,10599.37,11625.54
2010-08-03,10565.37,11625.54
2010-08-04,10560.98,11625.54
2010-08-05,10619.63,11625.54
2010-08-06,10595.79,11625.54
2010-08-09,10562.44,11625.54
2010-08-10,10491.82,11625.54
2010-08-11,10224.25,11625.54
2010-08-12,10434.37,11625.54
2010-08-13,10423.89,11625.54
2010-08-16,10496.49,11625.54
2010-08-17,10580.91,11625.54
2010-08-18,10533.89,11625.54
2010-08-19,10434.45,11625.54
2010-08-20,10349.12,11625.54
2010-08-23,10186.74,11625.54
2010-08-24,10341.78,11625.54
2010-08-25,10295.95,11625.54
2010-08-26,10303.75,11625.54
2010-08-27,10383.02,11625.54
2010-08-30,10289.98,11625.54
2010-08-31,10332.23,11625.54
2010-09-01,10608.07,11636.09
2010-09-02,10584.71,11636.09
2010-09-03,10682.45,11636.09
2010-09-07,10574.44,11636.09
2010-09-08,10779.35,11636.09
2010-09-09,10811.23,11636.09
2010-09-10,10868.68,11636.09
2010-09-13,10993.86,11636.09
2010-09-14,10896.65,11636.09
2010-09-15,10806.31,11636.09
2010-09-16,10767.54,11636.09
2010-09-17,10711.22,11636.09
2010-09-20,10879.98,11636.09
2010-09-21,10840.70,11636.09
2010-09-22,10698.75,11636.09
2010-09-23,10526.26,11636.09
2010-09-24,10765.23,11636.09
2010-09-27,10602.74,11636.09
2010-09-28,10678.26,11636.09
2010-09-29,10574.70,11636.09
2010-09-30,10486.95,11636.09
2010-10-01,10537.19,11646.37
2010-10-04,10339.28,11646.37
2010-10-05,10629.88,11646.37
2010-10-06,10559.47,11646.37
2010-10-07,10505.33,11646.37
2010-10-08,10532.97,11646.37
2010-10-11,10502.07,11646.37
2010-10-12,10552.89,11646.37
2010-10-13,10649.40,11646.37
2010-10-14,10647.46,11646.37
2010-10-15,10542.72,11646.37
2010-10-18,10663.79,11646.37
2010-10-19,10521.51,11646.37
2010-10-20,10787.98,11646.37
2010-10-21,10642.92,11646.37
2010-10-22,10659.63,11646.37
2010-10-25,10700.63,11646.37
2010-10-26,10652.27,11646.37
2010-10-27,10627.91,11646.37
2010-10-28,10754.78,11646.37
2010-10-29,10762.70,11646.37
2010-11-01,10617.28,11656.62
2010-11-02,10760.13,11656.62
2010-11-03,10662.11,11656.62
2010-11-04,10840.98,11656.62
2010-11-05,10775.40,11656.62
2010-11-08,10868.06,11656.62
2010-11-09,11008.73,11656.62
2010-11-10,11036.52,11656.62
2010-11-11,10978.80,11656.62
2010-11-12,11004.21,11656.62
2010-11-15,10932.04,11656.62
2010-11-16,10813.35,11656.62
2010-11-17,10908.31,11656.62
2010-11-18,11056.79,11656.62
2010-11-19,10968.18,11656.62
2010-11-22,10871.44,11656.62
2010-11-23,10773.65,11656.62
2010-11-24,11061.18,11656.62
2010-11-26,11002.65,11656.62
2010-11-29,11010.44,11656.62
2010-11-30,11037.77,11656.62
2010-12-01,11371.38,11666.74
2010-12-02,11443.44,11666.74
2010-12-03,11440.43,11666.74
2010-12-06,11252.75,11666.74
2010-12-07,11366.29,11666.74
2010-12-08,11425.04,11666.74
2010-12-09,11470.83,11666.74
2010-12-10,11506.94,11666.74
2010-12-13,11621.69,11666.74
2010-12-14,11470.28,11666.74
2010-12-15,11400.18,11666.74
2010-12-16,11567.76,11666.74
2010-12-17,11511.48,11666.74
2010-12-20,11593.51,11666.74
2010-12-21,11735.06,11666.74
2010-12-22,11793.31,11666.74
2010-12-23,11769.30,11666.74
2010-12-27,11796.78,11666.74
2010-12-28,11723.37,11666.74
2010-12-29,11850.60,11666.74
2010-12-30,11714.89,11666.74
2010-12-31,11667.47,11666.74
2011-01-03,11686.26,11677.16
2011-01-04,11699.72,11677.16
2011-01-05,11701.36,11677.16
2011-01-06,11820.99,11677.16
2011-01-07,11963.21,11677.16
2011-01-10,11985.62,11677.16
2011-01-11,11981.10,11677.16
2011-01-12,12145.64,11677.16
2011-01-13,12049.11,11677.16
2011-01-14,11878.28,11677.16
2011-01-18,12001.94,11677.16
2011-01-19,11847.55,11677.16
2011-01-20,11682.14,11677.16
2011-01-21,11724.38,11677.16
2011-01-24,11673.34,11677.16
2011-01-25,11653.61,11677.16
2011-01-26,11680.80,11677.16
2011-01-27,11679.92,11677.16
2011-01-28,11502.41,11677.16
2011-01-31,11681.81,11677.16
2011-02-01,11773.22,11687.69
2011-02-02,11687.12,11687.69
2011-02-03,11673.42,11687.69
2011-02-04,11849.46,11687.69
2011-02-07,11968.65,11687.69
2011-02-08,12001.12,11687.69
2011-02-09,11950.63,11687.69
2011-02-10,11817.90,11687.69
2011-02-11,11955.98,11687.69
2011-02-14,12076.69,11687.69
2011-02-15,12086.67,11687.69
2011-02-16,12167.98,11687.69
2011-02-17,12155.08,11687.69
2011-02-18,12128.39,11687.69
2011-02-22,11852.98,11687.69
2011-02-23,11789.29,11687.69
2011-02-24,11694.60,11687.69
2011-02-25,11767.32,11687.69
2011-02-28,11941.04,11687.69
2011-03-01,11748.88,11698.29
2011-03-02,11781.29,11698.29
2011-03-03,11829.04,11698.29
2011-03-04,11718.40,11698.29
2011-03-07,11585.41,11698.29
2011-03-08,11648.85,11698.29
2011-03-09,11691.38,11698.29
2011-03-10,11460.94,11698.29
2011-03-11,11557.35,11698.29
2011-03-14,11326.43,11698.29
2011-03-15,11027.92,11698.29
2011-03-16,10947.49,11698.29
2011-03-17,11180.41,11698.29
2011-03-18,11127.15,11698.29
2011-03-21,11192.91,11698.29
2011-03-22,11182.25,11698.29
2011-03-23,11226.63,11698.29
2011-03-24,11385.10,11698.29
2011-03-25,11346.02,11698.29
2011-03-28,11429.60,11698.29
2011-03-29,11406.64,11698.29
2011-03-30,11483.29,11698.29
2011-03-31,11457.33,11698.29
2011-04-01,11489.12,11709.24
2011-04-04,11473.44,11709.24
2011-04-05,11460.75,11709.24
2011-04-06,11505.52,11709.24
2011-04-07,11383.16,11709.24
2011-04-08,11460.90,11709.24
2011-04-11,11310.10,11709.24
2011-04-12,11205.11,11709.24
2011-04-13,11215.54,11709.24
2011-04-14,11223.66,11709.24
2011-04-18,11082.84,11709.24
2011-04-19,11297.76,11709.24
2011-04-20,11421.95,11709.24
2011-04-21,11371.90,11709.24
2011-04-25,11312.35,11709.24
2011-04-26,11371.23,11709.24
2011-04-27,11323.79,11709.24
2011-04-28,11363.40,11709.24
2011-04-29,11346.55,11709.24
2011-05-02,11404.87,11720.83
2011-05-03,11316.99,11720.83
2011-05-04,11212.47,11720.83
2011-05-05,11085.29,11720.83
2011-05-06,11335.98,11720.83
2011-05-09,11443.38,11720.83
2011-05-10,11527.21,11720.83
2011-05-11,11423.95,11720.83
2011-05-12,11528.46,11720.83
2011-05-13,11440.08,11720.83
2011-05-16,11515.18,11720.83
2011-05-17,11385.48,11720.83
2011-05-18,11406.50,11720.83
2011-05-19,11448.90,11720.83
2011-05-20,11326.01,11720.83
2011-05-23,11295.46,11720.83
2011-05-24,11369.81,11720.83
2011-05-25,11356.93,11720.83
2011-05-26,11426.65,11720.83
2011-05-27,11482.57,11720.83
2011-05-31,11472.17,11720.83
2011-06-01,11224.36,11732.57
2011-06-02,11200.95,11732.57
2011-06-03,11051.37,11732.57
2011-06-06,10835.39,11732.57
2011-06-07,10909.10,11732.57
2011-06-08,10748.46,11732.57
2011-06-09,10865.20,11732.57
2011-06-10,10770.90,11732.57
2011-06-13,10906.29,11732.57
2011-06-14,10987.73,11732.57
2011-06-15,10780.69,11732.57
2011-06-16,10892.67,11732.57
2011-06-17,10940.24,11732.57
2011-06-20,10884.37,11732.57
2011-06-21,11027.02,11732.57
2011-06-22,10966.32,11732.57
2011-06-23,10859.67,11732.57
2011-06-24,10840.43,11732.57
2011-06-27,10971.35,11732.57
2011-06-28,10984.13,11732.57
2011-06-29,11101.83,11732.57
2011-06-30,11153.60,11732.57
2011-07-01,11246.61,11744.86
2011-07-05,11222.91,11744.86
2011-07-06,11288.52,11744.86
2011-07-07,11447.16,11744.86
2011-07-08,11342.01,11744.86
2011-07-11,11229.42,11744.86
2011-07-12,11293.81,11744.86
2011-07-13,11464.10,11744.86
2011-07-14,11168.61,11744.86
2011-07-15,11250.58,11744.86
2011-07-18,11139.84,11744.86
2011-07-19,11313.54,11744.86
2011-07-20,11328.02,11744.86
2011-07-21,11418.33,11744.86
2011-07-22,11344.33,11744.86
2011-07-25,11299.44,11744.86
2011-07-26,11324.74,11744.86
2011-07-27,11020.06,11744.86
2011-07-28,11069.10,11744.86
2011-07-29,11039.97,11744.86
2011-08-01,10943.24,11757.48
2011-08-02,10782.20,11757.48
2011-08-03,10790.40,11757.48
2011-08-04,10205.30,11757.48
2011-08-05,10285.18,11757.48
2011-08-08,9601.68,11757.48
2011-08-09,9956.62,11757.48
2011-08-10,9523.11,11757.48
2011-08-11,10007.23,11757.48
2011-08-12,10056.15,11757.48
2011-08-15,10225.46,11757.48
2011-08-16,10043.17,11757.48
2011-08-17,10103.12,11757.48
2011-08-18,9640.85,11757.48
2011-08-19,9575.40,11757.48
2011-08-22,9538.34,11757.48
2011-08-23,9767.71,11757.48
2011-08-24,9809.11,11757.48
2011-08-25,9708.12,11757.48
2011-08-26,9803.34,11757.48
2011-08-29,9954.26,11757.48
2011-08-30,9981.05,11757.48
2011-08-31,10171.42,11757.48
2011-09-01,10142.01,11770.13
2011-09-02,9983.88,11770.13
2011-09-06,9835.01,11770.13
2011-09-07,10152.23,11770.13
2011-09-08,10057.60,11770.13
2011-09-09,9885.77,11770.13
2011-09-12,9991.38,11770.13
2011-09-13,10063.51,11770.13
2011-09-14,10135.26,11770.13
2011-09-15,10304.81,11770.13
2011-09-16,10273.13,11770.13
2011-09-19,10222.62,11770.13
2011-09-20,10346.33,11770.13
2011-09-21,10058.86,11770.13
2011-09-22,9708.88,11770.13
2011-09-23,9833.42,11770.13
2011-09-26,9913.48,11770.13
2011-09-27,10209.11,11770.13
2011-09-28,9976.96,11770.13
2011-09-29,10102.41,11770.13
2011-09-30,9836.66,11770.13
2011-10-03,9713.95,11782.83
2011-10-04,9857.64,11782.83
2011-10-05,9957.07,11782.83
2011-10-06,10199.18,11782.83
2011-10-07,10153.03,11782.83
2011-10-10,10459.08,11782.83
2011-10-11,10291.68,11782.83
2011-10-12,10431.73,11782.83
2011-10-13,10266.60,11782.83
2011-10-14,10458.16,11782.83
2011-10-17,10221.95,11782.83
2011-10-18,10375.87,11782.83
2011-10-19,10338.03,11782.83
2011-10-20,10265.38,11782.83
2011-10-21,10495.94,11782.83
2011-10-24,10597.98,11782.83
2011-10-25,10399.41,11782.83
2011-10-26,10453.09,11782.83
2011-10-27,10911.91,11782.83
2011-10-28,10713.89,11782.83
2011-10-31,10421.76,11782.83
2011-11-01,10259.78,11795.42
2011-11-02,10538.08,11795.42
2011-11-03,10671.85,11795.42
2011-11-04,10533.74,11795.42
2011-11-07,10589.25,11795.42
2011-11-08,10709.29,11795.42
2011-11-09,10310.34,11795.42
2011-11-10,10562.91,11795.42
2011-11-11,10721.63,11795.42
2011-11-14,10482.61,11795.42
2011-11-15,10585.87,11795.42
2011-11-16,10539.14,11795.42
2011-11-17,10450.72,11795.42
2011-11-18,10414.09,11795.42
2011-11-21,10115.23,11795.42
2011-11-22,10122.85,11795.42
2011-11-23,9875.48,11795.42
2011-11-25,9958.57,11795.42
2011-11-28,10281.00,11795.42
2011-11-29,10346.97,11795.42
2011-11-30,10756.83,11795.42
2011-12-01,10655.92,11807.32
2011-12-02,10663.07,11807.32
2011-12-05,10786.85,11807.32
2011-12-06,10794.83,11807.32
2011-12-07,10802.17,11807.32
2011-12-08,10590.11,11807.32
2011-12-09,10756.56,11807.32
2011-12-12,10552.95,11807.32
2011-12-13,10634.00,11807.32
2011-12-14,10585.78,11807.32
2011-12-15,10651.22,11807.32
2011-12-16,10637.01,11807.32
2011-12-19,10519.41,11807.32
2011-12-20,10818.12,11807.32
2011-12-21,10749.45,11807.32
2011-12-22,10883.26,11807.32
2011-12-23,10947.84,11807.32
2011-12-27,10963.73,11807.32
2011-12-28,10793.42,11807.32
2011-12-29,11026.47,11807.32
2011-12-30,11038.50,11807.32
2012-01-03,11273.31,11818.87
2012-01-04,11153.16,11818.87
2012-01-05,11196.62,11818.87
2012-01-06,11268.10,11818.87
2012-01-09,11385.17,11818.87
2012-01-10,11435.01,11818.87
2012-01-11,11429.12,11818.87
2012-01-12,11484.03,11818.87
2012-01-13,11330.16,11818.87
2012-01-17,11562.92,11818.87
2012-01-18,11612.92,11818.87
2012-01-19,11604.13,11818.87
2012-01-20,11527.58,11818.87
2012-01-23,11657.24,11818.87
2012-01-24,11507.18,11818.87
2012-01-25,11575.14,11818.87
2012-01-26,11526.57,11818.87
2012-01-27,11506.54,11818.87
2012-01-30,11346.41,11818.87
2012-01-31,11414.40,11818.87
2012-02-01,11627.06,11830.71
2012-02-02,11558.19,11830.71
2012-02-03,11720.81,11830.71
2012-02-06,11737.43,11830.71
2012-02-07,11784.08,11830.71
2012-02-08,11684.78,11830.71
2012-02-09,11701.73,11830.71
2012-02-10,11559.04,11830.71
2012-02-13,11661.85,11830.71
2012-02-14,11710.19,11830.71
2012-02-15,11719.10,11830.71
2012-02-16,11875.19,11830.71
2012-02-17,11860.44,11830.71
2012-02-21,11855.01,11830.71
2012-02-22,11767.38,11830.71
2012-02-23,11827.98,11830.71
2012-02-24,11760.38,11830.71
2012-02-27,11659.02,11830.71
2012-02-28,11768.65,11830.71
2012-02-29,11625.71,11830.71
2012-03-01,11835.36,11842.20
2012-03-02,11787.86,11842.20
2012-03-05,11842.09,11842.20
2012-03-06,11568.18,11842.20
2012-03-07,11718.63,11842.20
2012-03-08,11877.74,11842.20
2012-03-09,11768.71,11842.20
2012-03-12,11883.06,11842.20
2012-03-13,12013.86,11842.20
2012-03-14,12070.92,11842.20
2012-03-15,12205.87,11842.20
2012-03-16,12213.66,11842.20
2012-03-19,12165.46,11842.20
2012-03-20,12035.33,11842.20
2012-03-21,11988.12,11842.20
2012-03-22,11934.29,11842.20
2012-03-23,11980.25,11842.20
2012-03-26,12047.70,11842.20
2012-03-27,11969.94,11842.20
2012-03-28,11909.95,11842.20
2012-03-29,11847.74,11842.20
2012-03-30,11920.44,11842.20
2012-04-02,11999.46,11853.63
2012-04-03,11952.97,11853.63
2012-04-04,11821.81,11853.63
2012-04-05,11875.92,11853.63
2012-04-09,11839.46,11853.63
2012-04-10,11622.09,11853.63
2012-04-11,11719.75,11853.63
2012-04-12,11844.46,11853.63
2012-04-13,11632.95,11853.63
2012-04-16,11747.26,11853.63
2012-04-17,11862.33,11853.63
2012-04-18,11825.74,11853.63
2012-04-19,11782.35,11853.63
2012-04-20,11799.16,11853.63
2012-04-23,11582.80,11853.63
2012-04-24,11700.22,11853.63
2012-04-25,11787.78,11853.63
2012-04-26,11826.77,11853.63
2012-04-27,11911.57,11853.63
2012-04-30,11823.20,11853.63
2012-05-01,11853.15,11864.94
2012-05-02,11801.41,11864.94
2012-05-03,11817.39,11864.94
2012-05-04,11631.90,11864.94
2012-05-07,11761.56,11864.94
2012-05-08,11580.61,11864.94
2012-05-09,11545.21,11864.94
2012-05-10,11637.35,11864.94
2012-05-11,11611.43,11864.94
2012-05-14,11474.93,11864.94
2012-05-15,11440.00,11864.94
2012-05-16,11434.50,11864.94
2012-05-17,11314.22,11864.94
2012-05-18,11218.19,11864.94
2012-05-21,11275.67,11864.94
2012-05-22,11318.65,11864.94
2012-05-23,11335.55,11864.94
2012-05-24,11465.59,11864.94
2012-05-25,11459.53,11864.94
2012-05-29,11593.28,11864.94
2012-05-30,11442.96,11864.94
2012-05-31,11501.35,11864.94
2012-06-01,11273.66,11876.10
2012-06-04,11221.41,11876.10
2012-06-05,11182.47,11876.10
2012-06-06,11480.06,11876.10
2012-06-07,11446.66,11876.10
2012-06-08,11438.69,11876.10
2012-06-11,11319.07,11876.10
2012-06-12,11548.64,11876.10
2012-06-13,11505.93,11876.10
2012-06-14,11494.30,11876.10
2012-06-15,11566.96,11876.10
2012-06-18,11529.75,11876.10
2012-06-19,11771.91,11876.10
2012-06-20,11722.26,11876.10
2012-06-21,11506.39,11876.10
2012-06-22,11616.94,11876.10
2012-06-25,11457.99,11876.10
2012-06-26,11509.80,11876.10
2012-06-27,11634.11,11876.10
2012-06-28,11634.99,11876.10
2012-06-29,12004.84,11876.10
2012-07-02,11850.34,11886.97
2012-07-03,12027.75,11886.97
2012-07-05,12003.69,11886.97
2012-07-06,12009.07,11886.97
2012-07-09,12068.01,11886.97
2012-07-10,11969.88,11886.97
2012-07-11,12029.04,11886.97
2012-07-12,11928.32,11886.97
2012-07-13,12160.75,11886.97
2012-07-16,12103.76,11886.97
2012-07-17,12123.70,11886.97
2012-07-18,12196.70,11886.97
2012-07-19,12296.79,11886.97
2012-07-20,12133.38,11886.97
2012-07-23,12095.84,11886.97
2012-07-24,12002.82,11886.97
2012-07-25,12053.67,11886.97
2012-07-26,12234.50,11886.97
2012-07-27,12317.25,11886.97
2012-07-30,12330.59,11886.97
2012-07-31,12341.67,11886.97
2012-08-01,12287.97,11897.68
2012-08-02,12213.04,11897.68
2012-08-03,12517.95,11897.68
2012-08-06,12348.70,11897.68
2012-08-07,12471.09,11897.68
2012-08-08,12476.31,11897.68
2012-08-09,12502.23,11897.68
2012-08-10,12588.16,11897.68
2012-08-13,12584.27,11897.68
2012-08-14,12546.67,11897.68
2012-08-15,12540.06,11897.68
2012-08-16,12683.77,11897.68
2012-08-17,12642.02,11897.68
2012-08-20,12665.58,11897.68
2012-08-21,12679.89,11897.68
2012-08-22,12501.40,11897.68
2012-08-23,12421.31,11897.68
2012-08-24,12399.79,11897.68
2012-08-27,12464.22,11897.68
2012-08-28,12445.28,11897.68
2012-08-29,12367.20,11897.68
2012-08-30,12302.23,11897.68
2012-08-31,12389.83,11897.68
2012-09-04,12272.01,11908.40
2012-09-05,12307.27,11908.40
2012-09-06,12479.60,11908.40
2012-09-07,12588.32,11908.40
2012-09-10,12373.12,11908.40
2012-09-11,12456.89,11908.40
2012-09-12,12418.06,11908.40
2012-09-13,12492.93,11908.40
2012-09-14,12574.24,11908.40
2012-09-17,12409.26,11908.40
2012-09-18,12370.88,11908.40
2012-09-19,12466.04,11908.40
2012-09-20,12391.16,11908.40
2012-09-21,12504.75,11908.40
2012-09-24,12452.37,11908.40
2012-09-25,12437.20,11908.40
2012-09-26,12309.51,11908.40
2012-09-27,12430.03,11908.40
2012-09-28,12315.09,11908.40
2012-10-01,12487.64,11919.33
2012-10-02,12415.49,11919.33
2012-10-03,12385.82,11919.33
2012-10-04,12469.86,11919.33
2012-10-05,12437.09,11919.33
2012-10-08,12357.20,11919.33
2012-10-09,12276.44,11919.33
2012-10-10,12309.72,11919.33
2012-10-11,12347.28,11919.33
2012-10-12,12251.08,11919.33
2012-10-15,12313.37,11919.33
2012-10-16,12435.77,11919.33
2012-10-17,12401.59,11919.33
2012-10-18,12393.47,11919.33
2012-10-19,12275.36,11919.33
2012-10-22,12306.20,11919.33
2012-10-23,12063.27,11919.33
2012-10-24,12143.61,11919.33
2012-10-25,12190.33,11919.33
2012-10-26,12192.44,11919.33
2012-10-31,12183.67,11919.33
2012-11-01,12288.22,11929.94
2012-11-02,12236.67,11929.94
2012-11-05,12332.47,11929.94
2012-11-06,12433.40,11929.94
2012-11-07,12206.18,11929.94
2012-11-08,12144.18,11929.94
2012-11-09,12148.08,11929.94
2012-11-12,12147.48,11929.94
2012-11-13,12137.39,11929.94
2012-11-14,11991.60,11929.94
2012-11-15,11944.53,11929.94
2012-11-16,11894.74,11929.94
2012-11-19,12169.14,11929.94
2012-11-20,12175.09,11929.94
2012-11-21,12169.09,11929.94
2012-11-23,12292.25,11929.94
2012-11-26,12194.68,11929.94
2012-11-27,12135.91,11929.94
2012-11-28,12232.64,11929.94
2012-11-29,12313.66,11929.94
2012-11-30,12302.75,11929.94
2012-12-03,12269.93,11940.39
2012-12-04,12201.66,11940.39
2012-12-05,12188.91,11940.39
2012-12-06,12239.01,11940.39
2012-12-07,12360.83,11940.39
2012-12-10,12428.91,11940.39
2012-12-11,12473.62,11940.39
2012-12-12,12425.80,11940.39
2012-12-13,12325.23,11940.39
2012-12-14,12300.13,11940.39
2012-12-17,12309.87,11940.39
2012-12-18,12426.08,11940.39
2012-12-19,12360.16,11940.39
2012-12-20,12418.05,11940.39
2012-12-21,12293.26,11940.39
2012-12-24,12319.18,11940.39
2012-12-26,12302.46,11940.39
2012-12-27,12252.18,11940.39
2012-12-28,12150.09,11940.39
2012-12-31,12278.79,11940.39
2013-01-02,12556.30,11951.22
2013-01-03,12530.08,11951.22
2013-01-04,12763.68,11951.22
2013-01-07,12702.84,11951.22
2013-01-08,12594.84,11951.22
2013-01-09,12679.56,11951.22
2013-01-10,12817.89,11951.22
2013-01-11,12634.64,11951.22
2013-01-14,12537.40,11951.22
2013-01-15,12534.48,11951.22
2013-01-16,12574.03,11951.22
2013-01-17,12658.40,11951.22
2013-01-18,12600.51,11951.22
2013-01-22,12714.69,11951.22
2013-01-23,12699.90,11951.22
2013-01-24,12729.28,11951.22
2013-01-25,12758.07,11951.22
2013-01-28,12647.33,11951.22
2013-01-29,12727.94,11951.22
2013-01-30,12679.33,11951.22
2013-01-31,12567.40,11951.22
2013-02-01,12632.74,11962.04
2013-02-04,12442.45,11962.04
2013-02-05,12627.18,11962.04
2013-02-06,12575.96,11962.04
2013-02-07,12570.17,11962.04
2013-02-08,12780.75,11962.04
2013-02-11,12755.13,11962.04
2013-02-12,12802.39,11962.04
2013-02-13,12752.92,11962.04
2013-02-14,12740.19,11962.04
2013-02-15,12782.68,11962.04
2013-02-19,12907.92,11962.04
2013-02-20,12746.49,11962.04
2013-02-21,12723.61,11962.04
2013-02-22,12895.39,11962.04
2013-02-25,12785.19,11962.04
2013-02-26,12866.74,11962.04
2013-02-27,12990.97,11962.04
2013-02-28,12951.69,11962.04
2013-03-01,13016.12,11972.52
2013-03-04,13104.51,11972.52
2013-03-05,13222.16,11972.52
2013-03-06,13202.10,11972.52
2013-03-07,13314.70,11972.52
2013-03-08,13211.52,11972.52
2013-03-11,13399.32,11972.52
2013-03-12,13341.81,11972.52
2013-03-13,13311.70,11972.52
2013-03-14,13480.86,11972.52
2013-03-15,13463.83,11972.52
2013-03-18,13464.16,11972.52
2013-03-19,13364.07,11972.52
2013-03-20,13516.88,11972.52
2013-03-21,13365.66,11972.52
2013-03-22,13454.03,11972.52
2013-03-25,13277.50,11972.52
2013-03-26,13501.82,11972.52
2013-03-27,13467.88,11972.52
2013-03-28,13614.48,11972.52
2013-03-29,13573.09,11972.52
2013-04-01,13522.29,11982.75
2013-04-02,13547.59,11982.75
2013-04-03,13482.22,11982.75
2013-04-04,13416.85,11982.75
2013-04-05,13309.26,11982.75
2013-04-08,13312.06,11982.75
2013-04-09,13333.80,11982.75
2013-04-10,13464.70,11982.75
2013-04-11,13592.52,11982.75
2013-04-12,13469.47,11982.75
2013-04-15,13251.40,11982.75
2013-04-16,13366.00,11982.75
2013-04-17,13071.68,11982.75
2013-04-18,13150.76,11982.75
2013-04-19,13212.26,11982.75
2013-04-22,13251.27,11982.75
2013-04-23,13405.32,11982.75
2013-04-24,13534.58,11982.75
2013-04-25,13596.79,11982.75
2013-04-26,13588.98,11982.75
2013-04-29,13654.28,11982.75
2013-04-30,13667.12,11982.75
2013-05-01,13506.01,11992.89
2013-05-02,13520.37,11992.89
2013-05-03,13757.49,11992.89
2013-05-06,13689.97,11992.89
2013-05-07,13835.02,11992.89
2013-05-08,13937.10,11992.89
2013-05-09,13777.51,11992.89
2013-05-10,13910.84,11992.89
2013-05-13,14003.10,11992.89
2013-05-14,14055.67,11992.89
2013-05-15,14158.91,11992.89
2013-05-16,14189.14,11992.89
2013-05-17,14236.67,11992.89
2013-05-20,14342.57,11992.89
2013-05-21,14298.37,11992.89
2013-05-22,14194.39,11992.89
2013-05-23,14099.91,11992.89
2013-05-24,14002.44,11992.89
2013-05-28,14029.10,11992.89
2013-05-29,14055.55,11992.89
2013-05-30,13968.52,11992.89
2013-05-31,13681.15,11992.89
2013-06-03,13741.84,12002.99
2013-06-04,13666.06,12002.99
2013-06-05,13457.15,12002.99
2013-06-06,13472.96,12002.99
2013-06-07,13461.21,12002.99
2013-06-10,13526.40,12002.99
2013-06-11,13386.68,12002.99
2013-06-12,13278.77,12002.99
2013-06-13,13315.63,12002.99
2013-06-14,13285.77,12002.99
2013-06-17,13422.28,12002.99
2013-06-18,13460.95,12002.99
2013-06-19,13367.16,12002.99
2013-06-20,12995.73,12002.99
2013-06-21,13023.13,12002.99
2013-06-24,12969.50,12002.99
2013-06-25,13045.28,12002.99
2013-06-26,13218.26,12002.99
2013-06-27,13385.54,12002.99
2013-06-28,13343.76,12002.99
2013-07-01,13462.41,12013.03
2013-07-02,13414.67,12013.03
2013-07-03,13467.08,12013.03
2013-07-05,13623.83,12013.03
2013-07-08,13782.72,12013.03
2013-07-09,13843.70,12013.03
2013-07-10,13981.26,12013.03
2013-07-11,13774.59,12013.03
2013-07-12,13875.67,12013.03
2013-07-15,13938.49,12013.03
2013-07-16,13938.19,12013.03
2013-07-17,13865.11,12013.03
2013-07-18,13975.38,12013.03
2013-07-19,14002.70,12013.03
2013-07-22,14017.80,12013.03
2013-07-23,13976.56,12013.03
2013-07-24,13929.11,12013.03
2013-07-25,13957.00,12013.03
2013-07-26,13851.71,12013.03
2013-07-29,13773.31,12013.03
2013-07-30,13805.18,12013.03
2013-07-31,13784.05,12013.03
2013-08-01,13902.59,12022.79
2013-08-02,14078.88,12022.79
2013-08-05,13976.80,12022.79
2013-08-06,13977.33,12022.79
2013-08-07,13845.95,12022.79
2013-08-08,13890.83,12022.79
2013-08-09,13841.42,12022.79
2013-08-12,13861.90,12022.79
2013-08-13,13937.54,12022.79
2013-08-14,13964.53,12022.79
2013-08-15,13792.65,12022.79
2013-08-16,13707.75,12022.79
2013-08-19,13661.48,12022.79
2013-08-20,13652.24,12022.79
2013-08-21,13465.19,12022.79
2013-08-22,13618.14,12022.79
2013-08-23,13703.33,12022.79
2013-08-26,13635.79,12022.79
2013-08-27,13461.59,12022.79
2013-08-28,13407.36,12022.79
2013-08-29,13475.63,12022.79
2013-08-30,13499.36,12022.79
2013-09-03,13671.72,12032.57
2013-09-04,13782.79,12032.57
2013-09-05,13764.29,12032.57
2013-09-06,13894.01,12032.57
2013-09-09,13958.25,12032.57
2013-09-10,13994.53,12032.57
2013-09-11,14042.72,12032.57
2013-09-12,13965.13,12032.57
2013-09-13,13989.31,12032.57
2013-09-16,14041.33,12032.57
2013-09-17,14073.69,12032.57
2013-09-18,14181.92,12032.57
2013-09-19,14109.69,12032.57
2013-09-20,14011.31,12032.57
2013-09-23,13962.61,12032.57
2013-09-24,13981.06,12032.57
2013-09-25,13989.33,12032.57
2013-09-26,13967.48,12032.57
2013-09-27,13985.11,12032.57
2013-09-30,13874.86,12032.57
2013-10-01,13932.20,12042.80
2013-10-02,13913.68,12042.80
2013-10-03,13772.07,12042.80
2013-10-04,13783.08,12042.80
2013-10-07,13736.35,12042.80
2013-10-09,13559.14,12042.80
2013-10-10,13872.84,12042.80
2013-10-11,13969.20,12042.80
2013-10-14,13985.99,12042.80
2013-10-15,13943.20,12042.80
2013-10-16,14089.50,12042.80
2013-10-17,14233.17,12042.80
2013-10-18,14187.91,12042.80
2013-10-21,14185.67,12042.80
2013-10-22,14292.01,12042.80
2013-10-23,14101.48,12042.80
2013-10-24,14155.65,12042.80
2013-10-25,14133.22,12042.80
2013-10-28,14148.65,12042.80
2013-10-29,14204.35,12042.80
2013-10-30,14230.19,12042.80
2013-10-31,14166.75,12042.80
2013-11-01,14273.46,12053.19
2013-11-04,14417.48,12053.19
2013-11-05,14356.09,12053.19
2013-11-06,14476.07,12053.19
2013-11-07,14256.68,12053.19
2013-11-08,14439.89,12053.19
2013-11-11,14549.73,12053.19
2013-11-12,14461.74,12053.19
2013-11-13,14456.05,12053.19
2013-11-14,14506.63,12053.19
2013-11-15,14628.37,12053.19
2013-11-18,14602.53,12053.19
2013-11-19,14519.96,12053.19
2013-11-20,14409.41,12053.19
2013-11-21,14596.62,12053.19
2013-11-22,14617.46,12053.19
2013-11-25,14535.25,12053.19
2013-11-26,14540.88,12053.19
2013-11-27,14526.70,12053.19
2013-11-29,14521.59,12053.19
2013-12-02,14478.27,12063.17
2013-12-03,14454.59,12063.17
2013-12-04,14324.36,12063.17
2013-12-05,14276.93,12063.17
2013-12-06,14314.28,12063.17
2013-12-09,14319.06,12063.17
2013-12-10,14254.43,12063.17
2013-12-11,14106.00,12063.17
2013-12-12,13981.70,12063.17
2013-12-13,14012.67,12063.17
2013-12-16,14114.18,12063.17
2013-12-17,14046.18,12063.17
2013-12-18,14220.43,12063.17
2013-12-19,14353.12,12063.17
2013-12-20,14453.35,12063.17
2013-12-23,14525.27,12063.17
2013-12-24,14526.74,12063.17
2013-12-26,14615.18,12063.17
2013-12-27,14655.82,12063.17
2013-12-30,14612.47,12063.17
2013-12-31,14594.02,12063.17
2014-01-02,14496.87,12073.55
2014-01-03,14610.65,12073.55
2014-01-06,14642.52,12073.55
2014-01-07,14666.93,12073.55
2014-01-08,14702.52,12073.55
2014-01-09,14720.86,12073.55
2014-01-10,14760.77,12073.55
2014-01-13,14605.16,12073.55
2014-01-14,14665.00,12073.55
2014-01-15,14740.29,12073.55
2014-01-16,14806.54,12073.55
2014-01-17,14770.64,12073.55
2014-01-21,14867.63,12073.55
2014-01-22,14870.67,12073.55
2014-01-23,14793.01,12073.55
2014-01-24,14348.25,12073.55
2014-01-27,14227.65,12073.55
2014-01-28,14301.45,12073.55
2014-01-29,14252.23,12073.55
2014-01-30,14283.91,12073.55
2014-01-31,14308.47,12073.55
2014-02-03,14144.44,12083.63
2014-02-04,14088.72,12083.63
2014-02-05,14118.58,12083.63
2014-02-06,14281.19,12083.63
2014-02-07,14392.86,12083.63
2014-02-10,14407.84,12083.63
2014-02-11,14536.59,12083.63
2014-02-12,14573.31,12083.63
2014-02-13,14674.64,12083.63
2014-02-14,14642.58,12083.63
2014-02-18,14704.00,12083.63
2014-02-19,14596.15,12083.63
2014-02-20,14639.48,12083.63
2014-02-21,14685.80,12083.63
2014-02-24,14739.47,12083.63
2014-02-25,14752.50,12083.63
2014-02-26,14698.63,12083.63
2014-02-27,14801.74,12083.63
2014-02-28,14837.11,12083.63
2014-03-03,14582.71,12093.43
2014-03-04,14826.28,12093.43
2014-03-05,14830.82,12093.43
2014-03-06,14903.62,12093.43
2014-03-07,14721.11,12093.43
2014-03-10,14661.63,12093.43
2014-03-11,14625.22,12093.43
2014-03-12,14586.98,12093.43
2014-03-13,14420.14,12093.43
2014-03-14,14369.72,12093.43
2014-03-17,14433.69,12093.43
2014-03-18,14516.86,12093.43
2014-03-19,14450.33,12093.43
2014-03-20,14534.22,12093.43
2014-03-21,14566.63,12093.43
2014-03-24,14484.70,12093.43
2014-03-25,14528.53,12093.43
2014-03-26,14536.43,12093.43
2014-03-27,14567.75,12093.43
2014-03-28,14686.80,12093.43
2014-03-31,14780.54,12093.43
2014-04-01,14842.80,12103.09
2014-04-02,14854.78,12103.09
2014-04-03,14861.15,12103.09
2014-04-04,14829.81,12103.09
2014-04-07,14700.74,12103.09
2014-04-08,14700.01,12103.09
2014-04-09,14747.99,12103.09
2014-04-10,14514.20,12103.09
2014-04-11,14327.95,12103.09
2014-04-14,14418.94,12103.09
2014-04-15,14474.17,12103.09
2014-04-16,14636.69,12103.09
2014-04-17,14669.37,12103.09
2014-04-21,14702.55,12103.09
2014-04-22,14808.01,12103.09
2014-04-23,14770.58,12103.09
2014-04-24,14776.05,12103.09
2014-04-25,14659.94,12103.09
2014-04-28,14673.32,12103.09
2014-04-29,14744.48,12103.09
2014-04-30,14834.31,12103.09
2014-05-01,14797.46,12112.63
2014-05-02,14783.64,12112.63
2014-05-05,14789.82,12112.63
2014-05-06,14727.29,12112.63
2014-05-07,14676.68,12112.63
2014-05-08,14719.28,12112.63
2014-05-09,14762.78,12112.63
2014-05-12,14951.08,12112.63
2014-05-13,14985.33,12112.63
2014-05-14,15011.40,12112.63
2014-05-15,14888.67,12112.63
2014-05-16,14901.58,12112.63
2014-05-19,14938.60,12112.63
2014-05-20,14855.50,12112.63
2014-05-21,14942.43,12112.63
2014-05-22,15019.68,12112.63
2014-05-23,15096.27,12112.63
2014-05-27,15185.88,12112.63
2014-05-28,15189.80,12112.63
2014-05-29,15299.83,12112.63
2014-05-30,15306.47,12112.63
2014-06-02,15298.57,12122.09
2014-06-03,15317.13,12122.09
2014-06-04,15310.20,12122.09
2014-06-05,15399.00,12122.09
2014-06-06,15408.91,12122.09
2014-06-09,15442.39,12122.09
2014-06-10,15495.14,12122.09
2014-06-11,15517.15,12122.09
2014-06-12,15470.53,12122.09
2014-06-13,15461.61,12122.09
2014-06-16,15477.79,12122.09
2014-06-17,15441.29,12122.09
2014-06-18,15554.23,12122.09
2014-06-19,15601.05,12122.09
2014-06-20,15570.86,12122.09
2014-06-23,15580.89,12122.09
2014-06-24,15493.23,12122.09
2014-06-25,15491.65,12122.09
2014-06-26,15458.76,12122.09
2014-06-27,15509.15,12122.09
2014-06-30,15493.19,12122.09
2014-07-01,15540.84,12131.47
2014-07-02,15575.53,12131.47
2014-07-03,15670.75,12131.47
2014-07-07,15661.58,12131.47
2014-07-08,15521.25,12131.47
2014-07-09,15548.71,12131.47
2014-07-10,15414.95,12131.47
2014-07-11,15472.64,12131.47
2014-07-14,15574.06,12131.47
2014-07-15,15504.88,12131.47
2014-07-16,15653.49,12131.47
2014-07-17,15552.65,12131.47
2014-07-18,15650.89,12131.47
2014-07-21,15596.28,12131.47
2014-07-22,15699.07,12131.47
2014-07-23,15799.05,12131.47
2014-07-24,15823.72,12131.47
2014-07-25,15747.13,12131.47
2014-07-28,15787.51,12131.47
2014-07-29,15742.17,12131.47
2014-07-30,15737.63,12131.47
2014-07-31,15521.53,12131.47
2014-08-01,15447.82,12140.82
2014-08-04,15442.33,12140.82
2014-08-05,15342.83,12140.82
2014-08-06,15351.89,12140.82
2014-08-07,15266.87,12140.82
2014-08-08,15344.62,12140.82
2014-08-11,15390.48,12140.82
2014-08-12,15397.84,12140.82
2014-08-13,15504.12,12140.82
2014-08-14,15564.51,12140.82
2014-08-15,15556.79,12140.82
2014-08-18,15644.24,12140.82
2014-08-19,15746.42,12140.82
2014-08-20,15799.77,12140.82
2014-08-21,15931.03,12140.82
2014-08-22,15853.79,12140.82
2014-08-25,16034.82,12140.82
2014-08-26,16081.12,12140.82
2014-08-27,16118.50,12140.82
2014-08-28,16032.35,12140.82
2014-08-29,16073.35,12140.82
2014-09-02,16121.91,12150.10
2014-09-03,16162.39,12150.10
2014-09-04,16108.92,12150.10
2014-09-05,16389.52,12150.10
2014-09-08,16309.40,12150.10
2014-09-09,16282.39,12150.10
2014-09-10,16238.48,12150.10
2014-09-11,16280.28,12150.10
2014-09-12,16199.01,12150.10
2014-09-15,16132.39,12150.10
2014-09-16,16210.86,12150.10
2014-09-17,16220.80,12150.10
2014-09-18,16419.88,12150.10
2014-09-19,16311.63,12150.10
2014-09-22,16280.24,12150.10
2014-09-23,16167.68,12150.10
2014-09-24,16240.24,12150.10
2014-09-25,16138.63,12150.10
2014-09-26,16210.09,12150.10
2014-09-29,16261.54,12150.10
2014-09-30,16203.05,12150.10
2014-10-01,16100.05,12159.27
2014-10-02,15996.60,12159.27
2014-10-03,16010.58,12159.27
2014-10-06,16256.06,12159.27
2014-10-07,15907.36,12159.27
2014-10-08,15995.44,12159.27
2014-10-09,15702.29,12159.27
2014-10-10,15518.49,12159.27
2014-10-13,15455.46,12159.27
2014-10-14,15330.22,12159.27
2014-10-15,15284.15,12159.27
2014-10-16,15042.44,12159.27
2014-10-17,15261.23,12159.27
2014-10-20,15449.07,12159.27
2014-10-21,15626.91,12159.27
2014-10-22,15688.12,12159.27
2014-10-23,15901.78,12159.27
2014-10-24,15965.77,12159.27
2014-10-27,15921.92,12159.27
2014-10-28,16057.02,12159.27
2014-10-29,16032.06,12159.27
2014-10-30,16192.22,12159.27
2014-10-31,16402.56,12159.27
2014-11-03,16453.00,12168.22
2014-11-04,16455.00,12168.22
2014-11-05,16458.81,12168.22
2014-11-06,16560.39,12168.22
2014-11-07,16679.94,12168.22
2014-11-10,16648.02,12168.22
2014-11-11,16714.54,12168.22
2014-11-12,16632.57,12168.22
2014-11-13,16712.89,12168.22
2014-11-14,16667.32,12168.22
2014-11-17,16585.43,12168.22
2014-11-18,16804.73,12168.22
2014-11-19,16665.49,12168.22
2014-11-20,16656.66,12168.22
2014-11-21,16763.67,12168.22
2014-11-24,17019.71,12168.22
2014-11-25,16957.75,12168.22
2014-11-26,16946.08,12168.22
2014-11-28,16893.98,12168.22
2014-12-01,16832.79,12177.16
2014-12-02,16850.87,12177.16
2014-12-03,16994.65,12177.16
2014-12-04,17063.66,12177.16
2014-12-05,16990.00,12177.16
2014-12-08,16991.80,12177.16
2014-12-09,16921.33,12177.16
2014-12-10,16581.81,12177.16
2014-12-11,16479.75,12177.16
2014-12-12,16346.81,12177.16
2014-12-15,16060.52,12177.16
2014-12-16,16098.61,12177.16
2014-12-17,16180.68,12177.16
2014-12-18,16736.38,12177.16
2014-12-19,16906.96,12177.16
2014-12-22,17050.49,12177.16
2014-12-23,17072.23,12177.16
2014-12-24,17155.92,12177.16
2014-12-26,17139.56,12177.16
2014-12-29,17214.81,12177.16
2014-12-30,17142.28,12177.16
2014-12-31,17027.25,12177.16
2015-01-02,17077.56,12185.82
2015-01-05,16935.76,12185.82
2015-01-06,16775.46,12185.82
2015-01-07,16941.64,12185.82
2015-01-08,17326.63,12185.82
2015-01-09,17274.64,12185.82
2015-01-12,17093.52,12185.82
2015-01-13,17163.14,12185.82
2015-01-14,17106.02,12185.82
2015-01-15,17065.64,12185.82
2015-01-16,17403.53,12185.82
2015-01-20,17569.37,12185.82
2015-01-21,17742.30,12185.82
2015-01-22,17815.95,12185.82
2015-01-23,18225.40,12185.82
2015-01-26,18627.08,12185.82
2015-01-27,18369.45,12185.82
2015-01-28,17989.49,12185.82
2015-01-29,18174.31,12185.82
2015-01-30,17913.73,12185.82
2015-02-02,18136.92,12193.63
2015-02-03,18311.30,12193.63
2015-02-04,18124.71,12193.63
2015-02-05,18480.77,12193.63
2015-02-06,18160.72,12193.63
2015-02-09,18341.06,12193.63
2015-02-10,18444.79,12193.63
2015-02-11,18414.91,12193.63
2015-02-12,18636.74,12193.63
2015-02-13,18603.13,12193.63
2015-02-17,18747.71,12193.63
2015-02-18,18673.90,12193.63
2015-02-19,18702.46,12193.63
2015-02-20,18836.39,12193.63
2015-02-23,18872.39,12193.63
2015-02-24,18994.56,12193.63
2015-02-25,19019.78,12193.63
2015-02-26,18960.57,12193.63
2015-02-27,19201.84,12193.63
2015-03-02,19322.19,12200.60
2015-03-03,19173.11,12200.60
2015-03-04,19085.91,12200.60
2015-03-05,19296.42,12200.60
2015-03-06,19142.31,12200.60
2015-03-09,19455.74,12200.60
2015-03-10,19158.27,12200.60
2015-03-11,19363.99,12200.60
2015-03-12,19868.44,12200.60
2015-03-13,19633.91,12200.60
2015-03-16,20143.81,12200.60
2015-03-17,19938.61,12200.60
2015-03-18,20079.04,12200.60
2015-03-19,19570.69,12200.60
2015-03-20,20154.08,12200.60
2015-03-23,19917.47,12200.60
2015-03-24,19636.78,12200.60
2015-03-25,19551.37,12200.60
2015-03-26,19336.25,12200.60
2015-03-27,19469.95,12200.60
2015-03-30,19612.30,12200.60
2015-03-31,19525.08,12200.60
2015-04-01,19671.69,12206.91
2015-04-02,19734.72,12206.91
2015-04-06,19496.33,12206.91
2015-04-07,19611.53,12206.91
2015-04-08,19834.53,12206.91
2015-04-09,19971.23,12206.91
2015-04-10,20272.54,12206.91
2015-04-13,20299.85,12206.91
2015-04-14,20457.47,12206.91
2015-04-15,20350.02,12206.91
2015-04-16,20322.59,12206.91
2015-04-17,19958.40,12206.91
2015-04-20,19969.33,12206.91
2015-04-21,20125.10,12206.91
2015-04-22,20185.21,12206.91
2015-04-23,20283.08,12206.91
2015-04-24,20192.84,12206.91
2015-04-27,20118.43,12206.91
2015-04-28,20122.39,12206.91
2015-04-29,19871.03,12206.91
2015-04-30,19421.10,12206.91
2015-05-01,19354.53,12213.19
2015-05-04,19435.33,12213.19
2015-05-05,19310.53,12213.19
2015-05-06,19239.11,12213.19
2015-05-07,18945.85,12213.19
2015-05-08,19373.44,12213.19
2015-05-11,19399.01,12213.19
2015-05-12,19439.24,12213.19
2015-05-13,19361.43,12213.19
2015-05-14,19296.33,12213.19
2015-05-15,19238.04,12213.19
2015-05-18,19190.52,12213.19
2015-05-19,19326.83,12213.19
2015-05-20,19634.64,12213.19
2015-05-21,19790.53,12213.19
2015-05-22,19678.98,12213.19
2015-05-26,19690.76,12213.19
2015-05-27,19973.37,12213.19
2015-05-28,19936.05,12213.19
2015-05-29,19693.72,12213.19
2015-06-01,19690.18,12219.04
2015-06-02,19797.33,12219.04
2015-06-03,19483.79,12219.04
2015-06-04,19136.88,12219.04
2015-06-05,19056.72,12219.04
2015-06-08,19141.82,12219.04
2015-06-09,18837.83,12219.04
2015-06-10,19086.65,12219.04
2015-06-11,19096.09,12219.04
2015-06-12,19102.31,12219.04
2015-06-15,19001.28,12219.04
2015-06-16,18977.37,12219.04
2015-06-17,19017.91,12219.04
2015-06-18,18997.34,12219.04
2015-06-19,18943.14,12219.04
2015-06-22,19177.17,12219.04
2015-06-23,19209.91,12219.04
2015-06-24,19396.25,12219.04
2015-06-25,19289.11,12219.04
2015-06-26,19237.79,12219.04
2015-06-29,19207.59,12219.04
2015-06-30,18775.61,12219.04
2015-07-01,19038.60,12224.70
2015-07-02,19209.37,12224.70
2015-07-06,19089.75,12224.70
2015-07-07,18949.19,12224.70
2015-07-08,18820.75,12224.70
2015-07-09,18831.19,12224.70
2015-07-10,19132.24,12224.70
2015-07-13,19180.41,12224.70
2015-07-14,19543.85,12224.70
2015-07-15,19496.71,12224.70
2015-07-16,19763.08,12224.70
2015-07-17,19852.84,12224.70
2015-07-20,19969.33,12224.70
2015-07-21,19912.82,12224.70
2015-07-22,19605.17,12224.70
2015-07-23,19582.50,12224.70
2015-07-24,19282.70,12224.70
2015-07-27,19175.47,12224.70
2015-07-28,19121.63,12224.70
2015-07-29,19312.00,12224.70
2015-07-30,19441.82,12224.70
2015-07-31,19584.22,12224.70
2015-08-03,19485.68,12230.30
2015-08-04,19488.82,12230.30
2015-08-05,19649.59,12230.30
2015-08-06,19509.87,12230.30
2015-08-07,19412.36,12230.30
2015-08-10,19559.91,12230.30
2015-08-11,19278.76,12230.30
2015-08-12,19157.20,12230.30
2015-08-13,18946.11,12230.30
2015-08-14,18971.15,12230.30
2015-08-17,19139.53,12230.30
2015-08-18,19115.08,12230.30
2015-08-19,18995.02,12230.30
2015-08-20,18525.22,12230.30
2015-08-21,17839.71,12230.30
2015-08-24,16961.84,12230.30
2015-08-25,16604.07,12230.30
2015-08-26,16987.02,12230.30
2015-08-27,17672.65,12230.30
2015-08-28,17896.17,12230.30
2015-08-31,17813.24,12230.30
2015-09-01,17307.88,12235.80
2015-09-02,17366.53,12235.80
2015-09-03,17569.52,12235.80
2015-09-04,17403.33,12235.80
2015-09-08,17690.21,12235.80
2015-09-09,17632.38,12235.80
2015-09-10,17580.25,12235.80
2015-09-11,17498.52,12235.80
2015-09-14,17334.53,12235.80
2015-09-15,17534.28,12235.80
2015-09-16,17807.82,12235.80
2015-09-17,17760.19,12235.80
2015-09-18,17357.99,12235.80
2015-09-21,17505.76,12235.80
2015-09-22,17357.66,12235.80
2015-09-23,17419.95,12235.80
2015-09-24,17215.46,12235.80
2015-09-25,17311.75,12235.80
2015-09-28,16898.51,12235.80
2015-09-29,16752.41,12235.80
2015-09-30,17055.95,12235.80
2015-10-01,17251.41,12241.25
2015-10-02,17421.82,12241.25
2015-10-05,17705.26,12241.25
2015-10-06,17787.95,12241.25
2015-10-07,17810.29,12241.25
2015-10-08,17964.30,12241.25
2015-10-09,18002.46,12241.25
2015-10-12,17873.46,12241.25
2015-10-13,17749.95,12241.25
2015-10-14,17621.18,12241.25
2015-10-15,17726.24,12241.25
2015-10-16,17973.94,12241.25
2015-10-19,17945.21,12241.25
2015-10-20,17969.80,12241.25
2015-10-21,17877.45,12241.25
2015-10-22,18064.23,12241.25
2015-10-23,18687.33,12241.25
2015-10-26,18772.76,12241.25
2015-10-27,18607.58,12241.25
2015-10-28,18851.06,12241.25
2015-10-29,18951.80,12241.25
2015-10-30,18823.10,12241.25
2015-11-02,18873.90,12246.67
2015-11-03,18914.59,12246.67
2015-11-04,18970.11,12246.67
2015-11-05,19101.21,12246.67
2015-11-06,19000.42,12246.67
2015-11-09,19122.46,12246.67
2015-11-10,19065.59,12246.67
2015-11-11,19121.34,12246.67
2015-11-12,18846.95,12246.67
2015-11-13,18565.64,12246.67
2015-11-16,18914.42,12246.67
2015-11-17,19034.87,12246.67
2015-11-18,19287.36,12246.67
2015-11-19,19339.94,12246.67
2015-11-20,19263.25,12246.67
2015-11-23,19358.40,12246.67
2015-11-24,19337.65,12246.67
2015-11-25,19357.61,12246.67
2015-11-27,19457.36,12246.67
2015-11-30,19429.84,12246.67
2015-12-01,19632.68,12252.02
2015-12-02,19369.64,12252.02
2015-12-03,19189.31,12252.02
2015-12-04,18837.16,12252.02
2015-12-07,18806.98,12252.02
2015-12-08,18715.10,12252.02
2015-12-09,18540.59,12252.02
2015-12-10,18329.62,12252.02
2015-12-11,18156.63,12252.02
2015-12-14,18038.02,12252.02
2015-12-15,18180.54,12252.02
2015-12-16,18520.68,12252.02
2015-12-17,18472.35,12252.02
2015-12-18,18285.67,12252.02
2015-12-21,18296.47,12252.02
2015-12-22,18353.12,12252.02
2015-12-23,18527.05,12252.02
2015-12-24,18626.94,12252.02
2015-12-28,18489.86,12252.02
2015-12-29,18635.52,12252.02
2015-12-30,18621.96,12252.02
2015-12-31,18456.64,12252.02
2016-01-04,18240.08,12257.42
2016-01-05,18283.75,12257.42
2016-01-06,18173.26,12257.42
2016-01-07,17748.74,12257.42
2016-01-08,17343.38,12257.42
2016-01-11,17279.16,12257.42
2016-01-12,17457.48,12257.42
2016-01-13,17284.90,12257.42
2016-01-14,17272.43,12257.42
2016-01-15,17003.70,12257.42
2016-01-18,16829.26,12257.42
2016-01-19,16942.49,12257.42
2016-01-20,16596.15,12257.42
2016-01-21,16721.66,12257.42
2016-01-22,17178.69,12257.42
2016-01-25,17097.54,12257.42
2016-01-26,17177.75,12257.42
2016-01-27,17114.81,12257.42
2016-01-28,17059.78,12257.42
2016-01-29,17337.92,12257.42
2016-02-01,17563.81,12262.98
2016-02-02,17141.08,12262.98
2016-02-03,17126.06,12262.98
2016-02-04,16950.56,12262.98
2016-02-05,16517.68,12262.98
2016-02-08,16321.83,12262.98
2016-02-09,16150.15,12262.98
2016-02-10,15988.53,12262.98
2016-02-11,15808.92,12262.98
2016-02-12,15945.07,12262.98
2016-02-15,16267.70,12262.98
2016-02-16,16511.23,12262.98
2016-02-17,16821.16,12262.98
2016-02-18,16851.57,12262.98
2016-02-19,16807.89,12262.98
2016-02-22,17001.00,12262.98
2016-02-23,16959.11,12262.98
2016-02-24,16896.68,12262.98
2016-02-25,17127.64,12262.98
2016-02-26,17113.97,12262.98
2016-02-29,17186.52,12262.98
2016-03-01,17557.67,12268.27
2016-03-02,17717.56,12268.27
2016-03-03,17841.16,12268.27
2016-03-04,17821.09,12268.27
2016-03-07,17743.36,12268.27
2016-03-08,17562.72,12268.27
2016-03-09,17632.62,12268.27
2016-03-10,17639.16,12268.27
2016-03-11,17655.67,12268.27
2016-03-14,17682.30,12268.27
2016-03-15,17693.87,12268.27
2016-03-16,17703.84,12268.27
2016-03-17,17760.29,12268.27
2016-03-18,17628.30,12268.27
2016-03-21,17672.38,12268.27
2016-03-22,17735.60,12268.27
2016-03-23,17622.81,12268.27
2016-03-24,17598.12,12268.27
2016-03-28,17688.97,12268.27
2016-03-29,17708.34,12268.27
2016-03-30,17749.20,12268.27
2016-03-31,17625.78,12268.27
2016-04-01,17469.26,12273.41
2016-04-04,17446.82,12273.41
2016-04-05,17203.52,12273.41
2016-04-06,17374.94,12273.41
2016-04-07,17216.42,12273.41
2016-04-08,17373.69,12273.41
2016-04-11,17321.84,12273.41
2016-04-12,17442.64,12273.41
2016-04-13,17718.09,12273.41
2016-04-14,17945.51,12273.41
2016-04-15,17938.70,12273.41
2016-04-18,17948.01,12273.41
2016-04-19,18121.80,12273.41
2016-04-20,18064.01,12273.41
2016-04-21,18099.96,12273.41
2016-04-22,18074.00,12273.41
2016-04-25,18127.93,12273.41
2016-04-26,18107.96,12273.41
2016-04-27,18068.13,12273.41
2016-04-28,17923.71,12273.41
2016-04-29,17810.98,12273.41
2016-05-02,17693.52,12278.34
2016-05-03,17416.61,12278.34
2016-05-04,17298.84,12278.34
2016-05-05,17281.69,12278.34
2016-05-06,17436.66,12278.34
2016-05-09,17451.38,12278.34
2016-05-10,17665.62,12278.34
2016-05-11,17591.37,12278.34
2016-05-12,17476.49,12278.34
2016-05-13,17403.18,12278.34
2016-05-16,17623.70,12278.34
2016-05-17,17554.34,12278.34
2016-05-18,17549.42,12278.34
2016-05-19,17544.10,12278.34
2016-05-20,17701.71,12278.34
2016-05-23,17629.30,12278.34
2016-05-24,17845.34,12278.34
2016-05-25,18125.31,12278.34
2016-05-26,18129.69,12278.34
2016-05-27,18114.85,12278.34
2016-05-31,18168.70,12278.34
2016-06-01,18176.46,12283.27
2016-06-02,18101.43,12283.27
2016-06-03,18212.64,12283.27
2016-06-06,17982.99,12283.27
2016-06-07,18037.22,12283.27
2016-06-08,18096.22,12283.27
2016-06-09,17906.32,12283.27
2016-06-10,17800.72,12283.27
2016-06-13,17708.92,12283.27
2016-06-14,17466.99,12283.27
2016-06-15,17623.19,12283.27
2016-06-16,17481.88,12283.27
2016-06-17,17573.66,12283.27
2016-06-20,17740.75,12283.27
2016-06-21,17826.20,12283.27
2016-06-22,17932.41,12283.27
2016-06-23,18070.35,12283.27
2016-06-24,17195.85,12283.27
2016-06-27,17218.24,12283.27
2016-06-28,17563.86,12283.27
2016-06-29,17853.83,12283.27
2016-06-30,17979.84,12283.27
2016-07-01,18084.82,12287.97
2016-07-05,17866.30,12287.97
2016-07-06,17949.25,12287.97
2016-07-07,17926.45,12287.97
2016-07-08,18180.45,12287.97
2016-07-11,18363.64,12287.97
2016-07-12,18496.75,12287.97
2016-07-13,18539.60,12287.97
2016-07-14,18570.25,12287.97
2016-07-15,18525.33,12287.97
2016-07-18,18652.39,12287.97
2016-07-19,18564.68,12287.97
2016-07-20,18755.90,12287.97
2016-07-21,18725.98,12287.97
2016-07-22,18725.50,12287.97
2016-07-25,18793.77,12287.97
2016-07-26,18783.35,12287.97
2016-07-27,18790.59,12287.97
2016-07-28,18666.97,12287.97
2016-07-29,18792.35,12287.97
2016-08-01,18609.82,12292.62
2016-08-02,18486.85,12292.62
2016-08-03,18368.39,12292.62
2016-08-04,18526.23,12292.62
2016-08-05,18653.39,12292.62
2016-08-08,18761.93,12292.62
2016-08-09,18861.88,12292.62
2016-08-10,18798.75,12292.62
2016-08-11,18773.85,12292.62
2016-08-12,18856.90,12292.62
2016-08-15,18853.73,12292.62
2016-08-16,18729.72,12292.62
2016-08-17,18586.66,12292.62
2016-08-18,18605.18,12292.62
2016-08-19,18473.81,12292.62
2016-08-22,18566.87,12292.62
2016-08-23,18593.36,12292.62
2016-08-24,18545.36,12292.62
2016-08-25,18571.97,12292.62
2016-08-26,18517.60,12292.62
2016-08-29,18663.16,12292.62
2016-08-30,18646.26,12292.62
2016-08-31,18672.43,12292.62
2016-09-01,18701.81,12297.20
2016-09-02,18747.24,12297.20
2016-09-06,18947.47,12297.20
2016-09-07,18801.39,12297.20
2016-09-08,18790.82,12297.20
2016-09-09,18348.35,12297.20
2016-09-12,18478.33,12297.20
2016-09-13,18252.94,12297.20
2016-09-14,18268.56,12297.20
2016-09-15,18355.29,12297.20
2016-09-16,18268.57,12297.20
2016-09-19,18491.26,12297.20
2016-09-20,18464.06,12297.20
2016-09-21,18716.76,12297.20
2016-09-22,18858.83,12297.20
2016-09-23,18711.84,12297.20
2016-09-26,18499.43,12297.20
2016-09-27,18525.28,12297.20
2016-09-28,18648.88,12297.20
2016-09-29,18577.21,12297.20
2016-09-30,18644.99,12297.20
2016-10-03,18575.04,12301.64
2016-10-04,18548.04,12301.64
2016-10-05,18587.37,12301.64
2016-10-06,18559.32,12301.64
2016-10-07,18602.82,12301.64
2016-10-11,18474.58,12301.64
2016-10-12,18548.88,12301.64
2016-10-13,18565.41,12301.64
2016-10-14,18551.03,12301.64
2016-10-17,18622.89,12301.64
2016-10-18,18695.09,12301.64
2016-10-19,18821.87,12301.64
2016-10-20,18794.32,12301.64
2016-10-21,18833.42,12301.64
2016-10-24,18973.14,12301.64
2016-10-25,18934.17,12301.64
2016-10-26,18887.99,12301.64
2016-10-27,18795.78,12301.64
2016-10-28,18770.56,12301.64
2016-10-31,18624.52,12301.64
2016-11-01,18568.00,12306.00
2016-11-02,18308.57,12306.00
2016-11-03,18183.72,12306.00
2016-11-04,18101.11,12306.00
2016-11-07,18380.33,12306.00
2016-11-08,18530.47,12306.00
2016-11-09,18641.33,12306.00
2016-11-10,18863.33,12306.00
2016-11-14,18925.96,12306.00
2016-11-15,19167.23,12306.00
2016-11-16,19173.11,12306.00
2016-11-17,19301.44,12306.00
2016-11-18,19338.50,12306.00
2016-11-21,19558.20,12306.00
2016-11-22,19490.59,12306.00
2016-11-23,19459.50,12306.00
2016-11-25,19716.62,12306.00
2016-11-28,19534.79,12306.00
2016-11-29,19546.76,12306.00
2016-11-30,19461.36,12306.00
2016-12-01,19522.16,12310.26
2016-12-02,19394.41,12310.26
2016-12-05,19642.11,12310.26
2016-12-06,19436.94,12310.26
2016-12-07,19744.05,12310.26
2016-12-08,19711.74,12310.26
2016-12-09,20054.56,12310.26
2016-12-12,20190.16,12310.26
2016-12-13,20166.60,12310.26
2016-12-14,20073.89,12310.26
2016-12-15,20185.34,12310.26
2016-12-16,20365.91,12310.26
2016-12-19,20356.86,12310.26
2016-12-20,20470.90,12310.26
2016-12-21,20482.99,12310.26
2016-12-22,20384.51,12310.26
2016-12-23,20380.66,12310.26
2016-12-27,20362.14,12310.26
2016-12-28,20235.47,12310.26
2016-12-29,20348.18,12310.26
2016-12-30,20026.39,12310.26
2017-01-03,20325.86,12314.58
2017-01-04,20588.88,12314.58
2017-01-05,20530.00,12314.58
2017-01-06,20328.34,12314.58
2017-01-09,20405.73,12314.58
2017-01-10,20323.35,12314.58
2017-01-11,20374.44,12314.58
2017-01-12,20354.22,12314.58
2017-01-13,20371.94,12314.58
2017-01-17,20341.29,12314.58
2017-01-18,20190.44,12314.58
2017-01-19,20212.30,12314.58
2017-01-20,20226.41,12314.58
2017-01-23,20112.21,12314.58
2017-01-24,20130.18,12314.58
2017-01-25,20358.02,12314.58
2017-01-26,20293.81,12314.58
2017-01-27,20420.14,12314.58
2017-01-30,20234.91,12314.58
2017-01-31,20247.45,12314.58
2017-02-01,20081.41,12318.82
2017-02-02,20169.65,12318.82
2017-02-03,20295.96,12318.82
2017-02-06,20172.63,12318.82
2017-02-07,20232.93,12318.82
2017-02-08,20409.94,12318.82
2017-02-09,20442.31,12318.82
2017-02-10,20588.03,12318.82
2017-02-13,20764.49,12318.82
2017-02-14,20811.13,12318.82
2017-02-15,20964.71,12318.82
2017-02-16,20938.75,12318.82
2017-02-17,20806.59,12318.82
2017-02-21,21005.81,12318.82
2017-02-22,21128.17,12318.82
2017-02-23,21146.06,12318.82
2017-02-24,21028.58,12318.82
2017-02-27,21102.82,12318.82
2017-02-28,21003.49,12318.82
2017-03-01,21238.32,12323.04
2017-03-02,21216.75,12323.04
2017-03-03,21277.42,12323.04
2017-03-06,21013.37,12323.04
2017-03-07,21036.21,12323.04
2017-03-08,20986.39,12323.04
2017-03-09,21049.75,12323.04
2017-03-10,21100.06,12323.04
2017-03-13,20917.77,12323.04
2017-03-14,20922.62,12323.04
2017-03-15,21126.65,12323.04
2017-03-16,20989.56,12323.04
2017-03-17,20913.99,12323.04
2017-03-20,20943.52,12323.04
2017-03-21,20795.13,12323.04
2017-03-22,20614.04,12323.04
2017-03-23,20686.09,12323.04
2017-03-24,20706.70,12323.04
2017-03-27,20577.57,12323.04
2017-03-28,20711.22,12323.04
2017-03-29,20773.72,12323.04
2017-03-30,20925.18,12323.04
2017-03-31,20985.95,12323.04
2017-04-03,20966.73,12327.16
2017-04-04,20976.99,12327.16
2017-04-05,20904.85,12327.16
2017-04-06,20925.97,12327.16
2017-04-07,20971.35,12327.16
2017-04-10,21108.18,12327.16
2017-04-11,21087.03,12327.16
2017-04-12,21007.73,12327.16
2017-04-13,20784.41,12327.16
2017-04-17,21049.64,12327.16
2017-04-18,20883.73,12327.16
2017-04-19,20697.24,12327.16
2017-04-20,20854.38,12327.16
2017-04-21,20798.18,12327.16
2017-04-24,20824.88,12327.16
2017-04-25,20960.23,12327.16
2017-04-26,20847.26,12327.16
2017-04-27,20871.84,12327.16
2017-04-28,20918.14,12327.16
2017-05-01,20882.29,12331.18
2017-05-02,20913.52,12331.18
2017-05-03,20831.21,12331.18
2017-05-04,20956.89,12331.18
2017-05-05,20891.59,12331.18
2017-05-08,20929.69,12331.18
2017-05-09,20976.32,12331.18
2017-05-10,21079.36,12331.18
2017-05-11,21058.54,12331.18
2017-05-12,21083.66,12331.18
2017-05-15,21059.74,12331.18
2017-05-16,21004.05,12331.18
2017-05-17,20525.27,12331.18
2017-05-18,20399.57,12331.18
2017-05-19,20638.52,12331.18
2017-05-22,20583.35,12331.18
2017-05-23,20543.03,12331.18
2017-05-24,20659.53,12331.18
2017-05-25,20640.17,12331.18
2017-05-26,20644.16,12331.18
2017-05-30,20766.12,12331.18
2017-05-31,20705.74,12331.18
2017-06-01,20697.55,12335.15
2017-06-02,20878.77,12335.15
2017-06-05,20721.45,12335.15
2017-06-06,20704.77,12335.15
2017-06-07,20682.89,12335.15
2017-06-08,20681.53,12335.15
2017-06-09,20795.38,12335.15
2017-06-12,20724.16,12335.15
2017-06-13,20834.37,12335.15
2017-06-14,20828.76,12335.15
2017-06-15,20671.50,12335.15
2017-06-16,20866.93,12335.15
2017-06-19,20903.51,12335.15
2017-06-20,20867.78,12335.15
2017-06-21,20859.07,12335.15
2017-06-22,20819.73,12335.15
2017-06-23,20885.49,12335.15
2017-06-26,20820.31,12335.15
2017-06-27,20738.80,12335.15
2017-06-28,20605.98,12335.15
2017-06-29,20397.78,12335.15
2017-06-30,20261.03,12335.15
2017-07-03,20336.68,12339.10
2017-07-05,20448.45,12339.10
2017-07-06,20349.95,12339.10
2017-07-07,20257.85,12339.10
2017-07-10,20336.10,12339.10
2017-07-12,20374.55,12339.10
2017-07-13,20520.40,12339.10
2017-07-14,20663.87,12339.10
2017-07-17,20540.67,12339.10
2017-07-18,20554.26,12339.10
2017-07-19,20513.07,12339.10
2017-07-20,20598.16,12339.10
2017-07-21,20372.23,12339.10
2017-07-24,20240.20,12339.10
2017-07-25,20375.26,12339.10
2017-07-26,20381.21,12339.10
2017-07-27,20247.81,12339.10
2017-07-28,20285.86,12339.10
2017-07-31,20191.71,12339.10
2017-08-01,20159.96,12343.02
2017-08-02,20178.75,12343.02
2017-08-03,20099.02,12343.02
2017-08-04,20038.81,12343.02
2017-08-07,20257.04,12343.02
2017-08-08,20165.97,12343.02
2017-08-09,20200.81,12343.02
2017-08-10,19962.53,12343.02
2017-08-11,19916.01,12343.02
2017-08-14,19972.47,12343.02
2017-08-15,20024.10,12343.02
2017-08-16,20131.89,12343.02
2017-08-17,19894.47,12343.02
2017-08-18,19930.85,12343.02
2017-08-21,19879.97,12343.02
2017-08-22,19921.27,12343.02
2017-08-23,19974.14,12343.02
2017-08-24,19857.56,12343.02
2017-08-25,19937.40,12343.02
2017-08-28,19706.43,12343.02
2017-08-29,19673.74,12343.02
2017-08-30,19687.57,12343.02
2017-08-31,19942.29,12343.02
2017-09-01,19965.74,12346.84
2017-09-05,19878.31,12346.84
2017-09-06,19879.52,12346.84
2017-09-07,19932.49,12346.84
2017-09-08,19766.46,12346.84
2017-09-11,19959.99,12346.84
2017-09-12,20117.87,12346.84
2017-09-13,20083.91,12346.84
2017-09-14,20191.47,12346.84
2017-09-15,20178.73,12346.84
2017-09-18,20184.79,12346.84
2017-09-19,20203.77,12346.84
2017-09-20,20171.89,12346.84
2017-09-21,20291.95,12346.84
2017-09-22,20209.65,12346.84
2017-09-25,20182.30,12346.84
2017-09-26,20244.81,12346.84
2017-09-27,20412.66,12346.84
2017-09-28,20527.26,12346.84
2017-09-29,20557.01,12346.84
2017-10-02,20551.20,12350.63
2017-10-03,20734.54,12350.63
2017-10-04,20723.41,12350.63
2017-10-05,20760.60,12350.63
2017-10-06,20818.04,12350.63
2017-10-09,20751.60,12350.63
2017-10-10,20846.12,12350.63
2017-10-11,20741.34,12350.63
2017-10-12,20649.73,12350.63
2017-10-13,20753.15,12350.63
2017-10-16,20803.99,12350.63
2017-10-17,20814.35,12350.63
2017-10-18,20885.84,12350.63
2017-10-19,20873.47,12350.63
2017-10-20,20801.62,12350.63
2017-10-23,20912.01,12350.63
2017-10-24,20923.39,12350.63
2017-10-25,20837.05,12350.63
2017-10-26,20748.69,12350.63
2017-10-27,21163.53,12350.63
2017-10-30,21220.52,12350.63
2017-10-31,21156.79,12350.63
2017-11-01,21203.95,12354.32
2017-11-02,21271.26,12354.32
2017-11-03,21238.64,12354.32
2017-11-06,21337.70,12354.32
2017-11-07,21336.54,12354.32
2017-11-08,21397.37,12354.32
2017-11-09,21330.80,12354.32
2017-11-10,21203.43,12354.32
2017-11-13,21129.50,12354.32
2017-11-14,21076.28,12354.32
2017-11-15,20738.52,12354.32
2017-11-17,20893.48,12354.32
2017-11-20,21003.21,12354.32
2017-11-21,21111.00,12354.32
2017-11-22,21141.88,12354.32
2017-11-24,21035.26,12354.32
2017-11-27,20865.49,12354.32
2017-11-28,21011.74,12354.32
2017-11-29,21110.42,12354.32
2017-11-30,21221.50,12354.32
2017-12-01,21054.04,12357.95
2017-12-04,21127.36,12357.95
2017-12-05,21048.21,12357.95
2017-12-06,21056.24,12357.95
2017-12-07,21159.28,12357.95
2017-12-08,21321.94,12357.95
2017-12-11,21405.18,12357.95
2017-12-12,21412.86,12357.95
2017-12-13,21486.92,12357.95
2017-12-14,21249.20,12357.95
2017-12-15,21447.44,12357.95
2017-12-18,21694.44,12357.95
2017-12-19,21537.64,12357.95
2017-12-20,21432.27,12357.95
2017-12-21,21416.60,12357.95
2017-12-22,21440.78,12357.95
2017-12-26,21409.33,12357.95
2017-12-27,21479.01,12357.95
2017-12-28,21439.65,12357.95
2017-12-29,21332.75,12357.95
2018-01-02,21331.51,12361.56
2018-01-03,21337.64,12361.56
2018-01-04,21605.42,12361.56
2018-01-05,21642.37,12361.56
2018-01-08,21713.53,12361.56
2018-01-09,21874.95,12361.56
2018-01-10,21954.05,12361.56
2018-01-11,22002.46,12361.56
2018-01-12,21983.50,12361.56
2018-01-16,21610.01,12361.56
2018-01-17,21719.96,12361.56
2018-01-18,21834.54,12361.56
2018-01-19,21847.86,12361.56
2018-01-22,21939.84,12361.56
2018-01-23,22030.64,12361.56
2018-01-24,21959.16,12361.56
2018-01-25,21837.67,12361.56
2018-01-26,21974.23,12361.56
2018-01-29,21768.49,12361.56
2018-01-30,21652.35,12361.56
2018-01-31,21590.63,12361.56
2018-02-01,21570.48,12365.11
2018-02-02,21017.81,12365.11
2018-02-05,20460.02,12365.11
2018-02-06,20548.85,12365.11
2018-02-07,20544.69,12365.11
2018-02-08,20182.95,12365.11
2018-02-09,20252.89,12365.11
2018-02-12,20515.47,12365.11
2018-02-13,20482.83,12365.11
2018-02-14,20659.89,12365.11
2018-02-15,20713.93,12365.11
2018-02-16,20720.42,12365.11
2018-02-20,20773.41,12365.11
2018-02-21,20802.82,12365.11
2018-02-22,20881.82,12365.11
2018-02-23,21040.07,12365.11
2018-02-26,21289.79,12365.11
2018-02-27,21050.29,12365.11
2018-02-28,20977.15,12365.11
2018-03-01,20765.48,12368.60
2018-03-02,20628.91,12368.60
2018-03-05,20722.38,12368.60
2018-03-06,20800.27,12368.60
2018-03-07,20650.73,12368.60
2018-03-08,20752.21,12368.60
2018-03-09,21158.39,12368.60
2018-03-12,21207.01,12368.60
2018-03-13,21055.89,12368.60
2018-03-14,20867.70,12368.60
2018-03-15,20887.90,12368.60
2018-03-16,21005.84,12368.60
2018-03-19,20819.93,12368.60
2018-03-20,20731.47,12368.60
2018-03-21,20865.67,12368.60
2018-03-22,20340.70,12368.60
2018-03-23,20017.40,12368.60
2018-03-26,20291.03,12368.60
2018-03-27,19978.34,12368.60
2018-03-28,20000.67,12368.60
2018-03-29,20339.32,12368.60
2018-04-02,20070.89,12372.05
2018-04-03,20194.13,12372.05
2018-04-04,20346.27,12372.05
2018-04-05,20521.82,12372.05
2018-04-06,20297.94,12372.05
2018-04-09,20345.89,12372.05
2018-04-10,20546.54,12372.05
2018-04-11,20404.45,12372.05
2018-04-12,20469.27,12372.05
2018-04-13,20523.93,12372.05
2018-04-16,20624.40,12372.05
2018-04-17,20701.14,12372.05
2018-04-18,20793.81,12372.05
2018-04-19,20707.47,12372.05
2018-04-20,20604.26,12372.05
2018-04-23,20697.80,12372.05
2018-04-24,20654.48,12372.05
2018-04-25,20555.27,12372.05
2018-04-26,20832.62,12372.05
2018-04-27,20977.78,12372.05
2018-04-30,20857.60,12372.05
2018-05-01,20902.13,12375.40
2018-05-02,20988.19,12375.40
2018-05-03,21002.49,12375.40
2018-05-04,21118.76,12375.40
2018-05-07,21255.00,12375.40
2018-05-08,21270.81,12375.40
2018-05-09,21539.27,12375.40
2018-05-10,21721.41,12375.40
2018-05-11,21681.50,12375.40
2018-05-14,21658.54,12375.40
2018-05-15,21529.85,12375.40
2018-05-16,21759.05,12375.40
2018-05-17,21793.38,12375.40
2018-05-18,21787.29,12375.40
2018-05-21,21934.05,12375.40
2018-05-22,21870.79,12375.40
2018-05-23,21878.89,12375.40
2018-05-24,21913.21,12375.40
2018-05-25,21816.06,12375.40
2018-05-29,21706.62,12375.40
2018-05-30,22037.31,12375.40
2018-05-31,21718.88,12375.40
2018-06-01,21836.92,12378.70
2018-06-04,22017.07,12378.70
2018-06-05,21929.07,12378.70
2018-06-06,22059.21,12378.70
2018-06-07,21972.18,12378.70
2018-06-08,21961.67,12378.70
2018-06-11,22046.69,12378.70
2018-06-12,22079.89,12378.70
2018-06-13,22078.67,12378.70
2018-06-14,21989.05,12378.70
2018-06-15,22362.08,12378.70
2018-06-18,22220.61,12378.70
2018-06-19,22004.66,12378.70
2018-06-20,22156.28,12378.70
2018-06-21,22046.37,12378.70
2018-06-22,22088.92,12378.70
2018-06-25,21682.69,12378.70
2018-06-26,21634.82,12378.70
2018-06-27,21601.30,12378.70
2018-06-28,21795.16,12378.70
2018-06-29,21905.35,12378.70
2018-07-02,21607.83,12381.98
2018-07-03,21674.21,12381.98
2018-07-05,21785.62,12381.98
2018-07-06,21912.73,12381.98
2018-07-09,21983.99,12381.98
2018-07-10,22026.00,12381.98
2018-07-11,21889.78,12381.98
2018-07-12,22127.44,12381.98
2018-07-13,22191.38,12381.98
2018-07-16,22139.67,12381.98
2018-07-17,22138.34,12381.98
2018-07-18,22288.58,12381.98
2018-07-19,22223.36,12381.98
2018-07-20,22247.52,12381.98
2018-07-23,22087.57,12381.98
2018-07-24,22291.36,12381.98
2018-07-25,22420.88,12381.98
2018-07-26,22322.39,12381.98
2018-07-27,22442.60,12381.98
2018-07-30,22323.60,12381.98
2018-07-31,22278.46,12381.98
2018-08-01,22284.58,12385.20
2018-08-02,22316.92,12385.20
2018-08-03,22551.89,12385.20
2018-08-06,22618.41,12385.20
2018-08-07,22726.14,12385.20
2018-08-08,22633.35,12385.20
2018-08-09,22596.50,12385.20
2018-08-10,22517.87,12385.20
2018-08-13,22639.26,12385.20
2018-08-14,22729.69,12385.20
2018-08-15,22611.43,12385.20
2018-08-16,22784.89,12385.20
2018-08-17,22805.79,12385.20
2018-08-20,22749.45,12385.20
2018-08-21,22717.38,12385.20
2018-08-22,22597.69,12385.20
2018-08-23,22508.62,12385.20
2018-08-24,22727.17,12385.20
2018-08-27,22706.59,12385.20
2018-08-28,22661.48,12385.20
2018-08-29,22728.13,12385.20
2018-08-30,22598.77,12385.20
2018-08-31,22618.84,12385.20
2018-09-04,22576.55,12388.39
2018-09-05,22529.24,12388.39
2018-09-06,22342.74,12388.39
2018-09-07,22311.58,12388.39
2018-09-10,22481.75,12388.39
2018-09-11,22472.37,12388.39
2018-09-12,22524.27,12388.39
2018-09-13,22570.51,12388.39
2018-09-14,22484.48,12388.39
2018-09-17,22546.04,12388.39
2018-09-18,22591.01,12388.39
2018-09-19,22625.88,12388.39
2018-09-20,22824.75,12388.39
2018-09-21,22661.75,12388.39
2018-09-24,22646.30,12388.39
2018-09-25,22651.62,12388.39
2018-09-26,22580.88,12388.39
2018-09-27,22599.83,12388.39
2018-09-28,22762.39,12388.39
2018-10-01,22870.16,12391.59
2018-10-02,22874.79,12391.59
2018-10-03,22921.86,12391.59
2018-10-04,22883.71,12391.59
2018-10-05,22657.93,12391.59
2018-10-08,22572.09,12391.59
2018-10-09,22576.72,12391.59
2018-10-10,22030.65,12391.59
2018-10-11,21514.97,12391.59
2018-10-12,21604.90,12391.59
2018-10-15,21589.14,12391.59
2018-10-16,21909.63,12391.59
2018-10-17,21906.70,12391.59
2018-10-18,21783.76,12391.59
2018-10-19,21847.77,12391.59
2018-10-22,21650.34,12391.59
2018-10-23,21529.40,12391.59
2018-10-24,21031.29,12391.59
2018-10-25,21359.63,12391.59
2018-10-26,21145.02,12391.59
2018-10-29,21034.59,12391.59
2018-10-30,21309.49,12391.59
2018-10-31,21629.00,12391.59
2018-11-01,21883.75,12394.70
2018-11-02,21673.76,12394.70
2018-11-05,21725.89,12394.70
2018-11-06,21807.00,12394.70
2018-11-07,22110.96,12394.70
2018-11-08,22099.77,12394.70
2018-11-09,22018.76,12394.70
2018-11-12,21733.35,12394.70
2018-11-13,21902.80,12394.70
2018-11-14,21622.81,12394.70
2018-11-15,21743.25,12394.70
2018-11-16,21775.57,12394.70
2018-11-19,21369.82,12394.70
2018-11-20,20948.68,12394.70
2018-11-21,21184.03,12394.70
2018-11-23,21023.00,12394.70
2018-11-26,21402.44,12394.70
2018-11-27,21418.26,12394.70
2018-11-28,21805.31,12394.70
2018-11-29,21726.60,12394.70
2018-11-30,21747.62,12394.70
2018-12-03,22117.94,12397.72
2018-12-04,21560.76,12397.72
2018-12-06,21296.42,12397.72
2018-12-07,20974.55,12397.72
2018-12-10,20797.87,12397.72
2018-12-11,20897.91,12397.72
2018-12-12,21186.69,12397.72
2018-12-13,21076.76,12397.72
2018-12-14,20756.06,12397.72
2018-12-17,20561.55,12397.72
2018-12-18,20418.74,12397.72
2018-12-19,20210.27,12397.72
2018-12-20,19865.10,12397.72
2018-12-21,19452.70,12397.72
2018-12-24,19254.77,12397.72
2018-12-26,19692.86,12397.72
2018-12-27,19902.48,12397.72
2018-12-28,19874.85,12397.72
2018-12-31,20001.09,12397.72
2019-01-02,19931.88,12400.78
2019-01-03,19886.46,12400.78
2019-01-04,20304.33,12400.78
2019-01-07,20435.88,12400.78
2019-01-08,20483.24,12400.78
2019-01-09,20683.33,12400.78
2019-01-10,20576.82,12400.78
2019-01-11,20650.36,12400.78
2019-01-14,20640.02,12400.78
2019-01-15,20779.54,12400.78
2019-01-16,20916.42,12400.78
2019-01-17,21044.23,12400.78
2019-01-18,21324.12,12400.78
2019-01-22,21135.19,12400.78
2019-01-23,21164.02,12400.78
2019-01-24,21154.38,12400.78
2019-01-25,21491.26,12400.78
2019-01-28,21167.29,12400.78
2019-01-29,21134.71,12400.78
2019-01-30,21353.70,12400.78
2019-01-31,21445.21,12400.78
2019-02-01,21528.81,12403.78
2019-02-04,21603.33,12403.78
2019-02-05,21781.31,12403.78
2019-02-06,21785.80,12403.78
2019-02-07,21647.72,12403.78
2019-02-08,21632.15,12403.78
2019-02-11,21672.17,12403.78
2019-02-12,22009.26,12403.78
2019-02-13,21984.17,12403.78
2019-02-14,22060.54,12403.78
2019-02-15,22200.97,12403.78
2019-02-19,22271.50,12403.78
2019-02-20,22295.51,12403.78
2019-02-21,22222.28,12403.78
2019-02-22,22335.60,12403.78
2019-02-25,22383.56,12403.78
2019-02-26,22335.88,12403.78
2019-02-27,22287.10,12403.78
2019-02-28,22243.77,12403.78
2019-03-01,22369.39,12406.74
2019-03-04,22301.70,12406.74
2019-03-05,22346.75,12406.74
2019-03-06,22310.00,12406.74
2019-03-07,22111.31,12406.74
2019-03-08,22223.97,12406.74
2019-03-11,22414.54,12406.74
2019-03-12,22453.13,12406.74
2019-03-13,22527.90,12406.74
2019-03-14,22451.49,12406.74
2019-03-15,22633.05,12406.74
2019-03-18,22712.74,12406.74
2019-03-19,22715.18,12406.74
2019-03-20,22576.39,12406.74
2019-03-21,22602.57,12406.74
2019-03-22,22353.31,12406.74
2019-03-25,22427.31,12406.74
2019-03-26,22557.68,12406.74
2019-03-27,22552.89,12406.74
2019-03-28,22614.62,12406.74
2019-03-29,22789.58,12406.74
2019-04-01,23061.26,12409.61
2019-04-02,23101.96,12409.61
2019-04-03,23224.95,12409.61
2019-04-04,23137.38,12409.61
2019-04-05,23257.44,12409.61
2019-04-08,23305.13,12409.61
2019-04-09,23121.83,12409.61
2019-04-10,23150.69,12409.61
2019-04-11,23127.97,12409.61
2019-04-12,23284.24,12409.61
2019-04-15,23211.84,12409.61
2019-04-16,23222.52,12409.61
2019-04-17,23249.51,12409.61
2019-04-18,23221.67,12409.61
2019-04-22,23346.01,12409.61
2019-04-23,23454.36,12409.61
2019-04-24,23464.41,12409.61
2019-04-25,23577.60,12409.61
2019-04-26,23705.31,12409.61
2019-04-29,23695.39,12409.61
2019-04-30,23653.42,12409.61
2019-05-01,23494.97,12412.38
2019-05-02,23430.67,12412.38
2019-05-03,23669.05,12412.38
2019-05-06,23523.88,12412.38
2019-05-07,23152.35,12412.38
2019-05-08,23135.61,12412.38
2019-05-09,22981.16,12412.38
2019-05-10,23017.67,12412.38
2019-05-13,22550.38,12412.38
2019-05-14,22694.75,12412.38
2019-05-15,22877.10,12412.38
2019-05-16,23044.39,12412.38
2019-05-17,23010.39,12412.38
2019-05-20,22897.86,12412.38
2019-05-21,23036.18,12412.38
2019-05-23,22730.42,12412.38
2019-05-24,22752.45,12412.38
2019-05-28,22616.11,12412.38
2019-05-29,22449.79,12412.38
2019-05-30,22540.41,12412.38
2019-05-31,22331.53,12412.38
2019-06-03,22230.98,12415.07
2019-06-04,22437.19,12415.07
2019-06-05,22619.70,12415.07
2019-06-06,22762.00,12415.07
2019-06-07,22909.65,12415.07
2019-06-10,22916.21,12415.07
2019-06-11,22965.91,12415.07
2019-06-12,22885.24,12415.07
2019-06-13,22983.33,12415.07
2019-06-14,22945.15,12415.07
2019-06-17,23074.92,12415.07
2019-06-18,23275.92,12415.07
2019-06-19,23445.48,12415.07
2019-06-20,23596.84,12415.07
2019-06-21,23419.53,12415.07
2019-06-24,23235.11,12415.07
2019-06-25,23049.11,12415.07
2019-06-26,23056.20,12415.07
2019-06-27,23126.90,12415.07
2019-06-28,23256.38,12415.07
2019-07-01,23427.95,12417.73
2019-07-02,23647.74,12417.73
2019-07-03,23799.97,12417.73
2019-07-05,23722.09,12417.73
2019-07-08,23727.76,12417.73
2019-07-09,23738.51,12417.73
2019-07-10,23849.96,12417.73
2019-07-11,23785.45,12417.73
2019-07-12,23887.46,12417.73
2019-07-15,23859.35,12417.73
2019-07-16,23814.46,12417.73
2019-07-17,23808.85,12417.73
2019-07-18,23782.43,12417.73
2019-07-19,23665.65,12417.73
2019-07-22,23789.52,12417.73
2019-07-23,23941.59,12417.73
2019-07-24,24150.68,12417.73
2019-07-25,24052.08,12417.73
2019-07-26,24142.95,12417.73
2019-07-29,24144.79,12417.73
2019-07-30,24016.09,12417.73
2019-07-31,23816.48,12417.73
2019-08-01,23842.46,12420.33
2019-08-02,23569.33,12420.33
2019-08-05,22930.61,12420.33
2019-08-06,22773.55,12420.33
2019-08-07,22908.30,12420.33
2019-08-08,23257.78,12420.33
2019-08-09,23167.13,12420.33
2019-08-12,22937.91,12420.33
2019-08-13,23100.88,12420.33
2019-08-14,22657.29,12420.33
2019-08-15,22679.92,12420.33
2019-08-16,23025.28,12420.33
2019-08-19,23310.93,12420.33
2019-08-20,23197.87,12420.33
2019-08-21,23336.10,12420.33
2019-08-22,23309.59,12420.33
2019-08-23,22917.10,12420.33
2019-08-26,22914.04,12420.33
2019-08-27,22998.64,12420.33
2019-08-28,23098.82,12420.33
2019-08-29,23335.87,12420.33
2019-08-30,23448.90,12420.33
2019-09-03,23524.44,12422.87
2019-09-04,23763.38,12422.87
2019-09-05,23904.05,12422.87
2019-09-06,23963.12,12422.87
2019-09-09,23990.58,12422.87
2019-09-10,23933.88,12422.87
2019-09-11,24097.54,12422.87
2019-09-12,24260.10,12422.87
2019-09-13,24217.42,12422.87
2019-09-16,24065.07,12422.87
2019-09-17,24305.27,12422.87
2019-09-18,24140.73,12422.87
2019-09-19,24283.09,12422.87
2019-09-20,24164.10,12422.87
2019-09-23,24182.77,12422.87
2019-09-24,24106.58,12422.87
2019-09-25,24083.74,12422.87
2019-09-26,24208.71,12422.87
2019-09-27,24191.70,12422.87
2019-09-30,24194.37,12422.87
2019-10-01,24050.55,12425.33
2019-10-02,23562.02,12425.33
2019-10-03,23613.73,12425.33
2019-10-04,23832.68,12425.33
2019-10-07,23794.84,12425.33
2019-10-08,23521.18,12425.33
2019-10-09,23695.29,12425.33
2019-10-10,23777.60,12425.33
2019-10-11,24042.68,12425.33
2019-10-14,23961.39,12425.33
2019-10-15,24199.31,12425.33
2019-10-16,24175.51,12425.33
2019-10-17,24160.20,12425.33
2019-10-18,23978.51,12425.33
2019-10-21,24065.66,12425.33
2019-10-22,24019.63,12425.33
2019-10-23,24111.38,12425.33
2019-10-24,24184.13,12425.33
2019-10-25,24324.44,12425.33
2019-10-28,24460.66,12425.33
2019-10-29,24444.17,12425.33
2019-10-30,24465.72,12425.33
2019-10-31,24337.01,12425.33
2019-11-01,24528.84,12427.68
2019-11-04,24613.38,12427.68
2019-11-05,24671.68,12427.68
2019-11-06,24819.31,12427.68
2019-11-07,24883.38,12427.68
2019-11-08,24947.44,12427.68
2019-11-11,24987.40,12427.68
2019-11-12,25000.47,12427.68
2019-11-13,25034.66,12427.68
2019-11-14,25008.77,12427.68
2019-11-15,25177.09,12427.68
2019-11-18,25133.10,12427.68
2019-11-19,25081.47,12427.68
2019-11-20,24959.34,12427.68
2019-11-21,24910.33,12427.68
2019-11-22,24976.85,12427.68
2019-11-25,25262.36,12427.68
2019-11-26,25329.23,12427.68
2019-11-27,25388.33,12427.68
2019-11-29,25298.91,12427.68
2019-12-02,25108.91,12429.87
2019-12-03,24826.75,12429.87
2019-12-04,24955.93,12429.87
2019-12-05,24985.11,12429.87
2019-12-06,25130.23,12429.87
2019-12-09,25195.30,12429.87
2019-12-10,25154.12,12429.87
2019-12-11,25148.88,12429.87
2019-12-12,25217.27,12429.87
2019-12-13,25205.23,12429.87
2019-12-16,25542.17,12429.87
2019-12-17,25504.02,12429.87
2019-12-18,25431.94,12429.87
2019-12-19,25592.94,12429.87
2019-12-20,25672.96,12429.87
2019-12-23,25782.83,12429.87
2019-12-24,25766.60,12429.87
2019-12-26,25851.76,12429.87
2019-12-27,25873.69,12429.87
2019-12-30,25569.78,12429.87
2019-12-31,25587.34,12429.87
2020-01-02,25734.33,12431.80
2020-01-03,25712.51,12431.80
2020-01-06,25751.09,12431.80
2020-01-07,25650.32,12431.80
2020-01-08,25791.12,12431.80
2020-01-09,26030.37,12431.80
2020-01-10,26012.64,12431.80
2020-01-13,26111.80,12431.80
2020-01-14,26073.19,12431.80
2020-01-15,26128.60,12431.80
2020-01-16,26224.17,12431.80
2020-01-17,26360.50,12431.80
2020-01-21,26388.50,12431.80
2020-01-22,26427.29,12431.80
2020-01-23,26357.41,12431.80
2020-01-24,26336.43,12431.80
2020-01-27,25976.90,12431.80
2020-01-28,26169.10,12431.80
2020-01-29,26174.88,12431.80
2020-01-30,26176.70,12431.80
2020-01-31,25814.99,12431.80
2020-02-03,25773.75,12433.62
2020-02-04,26186.65,12433.62
2020-02-05,26467.61,12433.62
2020-02-06,26701.99,12433.62
2020-02-07,26617.30,12433.62
2020-02-10,26787.16,12433.62
2020-02-11,26973.78,12433.62
2020-02-12,27103.66,12433.62
2020-02-13,27155.19,12433.62
2020-02-14,27250.07,12433.62
2020-02-18,27151.52,12433.62
2020-02-19,27364.01,12433.62
2020-02-20,27199.34,12433.62
2020-02-21,27056.28,12433.62
2020-02-24,26123.69,12433.62
2020-02-25,25418.75,12433.62
2020-02-26,25227.25,12433.62
2020-02-27,24308.55,12433.62
2020-02-28,23663.87,12433.62
2020-03-02,24328.49,12435.30
2020-03-03,23773.42,12435.30
2020-03-04,24393.96,12435.30
2020-03-05,23924.15,12435.30
2020-03-06,23266.30,12435.30
2020-03-09,21297.63,12435.30
2020-03-10,21866.29,12435.30
2020-03-11,21180.86,12435.30
2020-03-12,19173.97,12435.30
2020-03-13,20449.42,12435.30
2020-03-16,18555.03,12435.30
2020-03-17,19307.68,12435.30
2020-03-18,18563.05,12435.30
2020-03-19,18791.38,12435.30
2020-03-20,18825.81,12435.30
2020-03-23,18196.48,12435.30
2020-03-24,19663.61,12435.30
2020-03-25,20076.03,12435.30
2020-03-26,20923.46,12435.30
2020-03-27,20077.30,12435.30
2020-03-30,20381.60,12435.30
2020-03-31,20402.76,12435.30
2020-04-01,19619.08,12437.02
2020-04-02,19985.89,12437.02
2020-04-03,19896.65,12437.02
2020-04-06,21147.17,12437.02
2020-04-07,21302.60,12437.02
2020-04-08,21625.23,12437.02
2020-04-09,22025.68,12437.02
2020-04-13,21730.88,12437.02
2020-04-14,22311.31,12437.02
2020-04-15,21660.45,12437.02
2020-04-16,21866.92,12437.02
2020-04-17,22547.76,12437.02
2020-04-20,22265.33,12437.02
2020-04-21,21576.07,12437.02
2020-04-22,21990.53,12437.02
2020-04-23,22162.16,12437.02
2020-04-24,22377.66,12437.02
2020-04-27,22673.02,12437.02
2020-04-28,22672.94,12437.02
2020-04-29,23183.86,12437.02
2020-04-30,22895.97,12437.02
2020-05-01,22230.21,12438.38
2020-05-04,22123.18,12438.38
2020-05-05,22458.28,12438.38
2020-05-06,22482.86,12438.38
2020-05-07,22765.45,12438.38
2020-05-08,23088.25,12438.38
2020-05-11,23065.12,12438.38
2020-05-12,22831.18,12438.38
2020-05-13,22347.44,12438.38
2020-05-14,22412.54,12438.38
2020-05-15,22536.91,12438.38
2020-05-18,23190.63,12438.38
2020-05-19,22903.59,12438.38
2020-05-20,23214.65,12438.38
2020-05-21,22909.41,12438.38
2020-05-22,22952.51,12438.38
2020-05-26,23517.83,12438.38
2020-05-27,23609.46,12438.38
2020-05-28,23649.48,12438.38
2020-05-29,23506.20,12438.38
2020-06-01,23597.52,12439.34
2020-06-02,23839.67,12439.34
2020-06-03,24087.98,12439.34
2020-06-04,23940.84,12439.34
2020-06-05,24246.59,12439.34
2020-06-08,24514.62,12439.34
2020-06-09,24404.68,12439.34
2020-06-10,24263.14,12439.34
2020-06-11,22984.49,12439.34
2020-06-12,23251.10,12439.34
2020-06-15,23401.69,12439.34
2020-06-16,23737.23,12439.34
2020-06-17,23877.76,12439.34
2020-06-18,23895.67,12439.34
2020-06-19,23897.07,12439.34
2020-06-22,24063.74,12439.34
2020-06-23,24039.16,12439.34
2020-06-24,23363.04,12439.34
2020-06-25,23640.22,12439.34
2020-06-26,23313.92,12439.34
2020-06-29,23507.97,12439.34
2020-06-30,23731.11,12439.34
2020-07-01,23862.10,12440.26
2020-07-02,24000.12,12440.26
2020-07-06,24396.16,12440.26
2020-07-07,24034.83,12440.26
2020-07-08,24213.42,12440.26
2020-07-09,23945.54,12440.26
2020-07-10,24252.82,12440.26
2020-07-13,24141.26,12440.26
2020-07-14,24236.78,12440.26
2020-07-15,24398.73,12440.26
2020-07-16,24281.64,12440.26
2020-07-17,24394.67,12440.26
2020-07-20,24478.33,12440.26
2020-07-21,24538.38,12440.26
2020-07-22,24429.92,12440.26
2020-07-23,24157.66,12440.26
2020-07-24,23927.00,12440.26
2020-07-27,24017.38,12440.26
2020-07-28,23656.39,12440.26
2020-07-29,23964.94,12440.26
2020-07-30,23672.32,12440.26
2020-07-31,23507.88,12440.26
2020-08-03,23896.23,12441.17
2020-08-04,24067.10,12441.17
2020-08-05,24161.31,12441.17
2020-08-06,24089.39,12441.17
2020-08-07,24039.50,12441.17
2020-08-10,24275.76,12441.17
2020-08-11,24344.45,12441.17
2020-08-12,24685.69,12441.17
2020-08-13,24546.85,12441.17
2020-08-14,24443.40,12441.17
2020-08-17,24467.35,12441.17
2020-08-18,24475.51,12441.17
2020-08-19,24272.65,12441.17
2020-08-20,24430.34,12441.17
2020-08-21,24405.13,12441.17
2020-08-24,24811.56,12441.17
2020-08-25,24870.74,12441.17
2020-08-26,25023.10,12441.17
2020-08-27,24974.56,12441.17
2020-08-28,25166.55,12441.17
2020-08-31,24940.12,12441.17
2020-09-01,25022.53,12442.00
2020-09-02,25328.12,12442.00
2020-09-03,24786.44,12442.00
2020-09-04,24529.34,12442.00
2020-09-08,24108.96,12442.00
2020-09-09,24623.00,12442.00
2020-09-10,24275.45,12442.00
2020-09-11,24238.66,12442.00
2020-09-14,24494.06,12442.00
2020-09-15,24554.03,12442.00
2020-09-16,24558.97,12442.00
2020-09-17,24437.96,12442.00
2020-09-18,24187.37,12442.00
2020-09-21,23803.21,12442.00
2020-09-22,24104.58,12442.00
2020-09-23,23835.66,12442.00
2020-09-24,23886.88,12442.00
2020-09-25,24136.03,12442.00
2020-09-28,24628.59,12442.00
2020-09-29,24468.50,12442.00
2020-09-30,24418.19,12442.00
2020-10-01,24582.68,12442.81
2020-10-02,24354.59,12442.81
2020-10-05,24823.45,12442.81
2020-10-06,24457.42,12442.81
2020-10-07,24846.18,12442.81
2020-10-08,24975.33,12442.81
2020-10-09,25183.83,12442.81
2020-10-12,25368.76,12442.81
2020-10-13,25249.71,12442.81
2020-10-14,25299.38,12442.81
2020-10-15,25110.33,12442.81
2020-10-16,25232.62,12442.81
2020-10-19,24981.52,12442.81
2020-10-20,24919.09,12442.81
2020-10-21,24745.99,12442.81
2020-10-22,24722.82,12442.81
2020-10-23,24898.51,12442.81
2020-10-26,24418.12,12442.81
2020-10-27,24409.71,12442.81
2020-10-28,23694.06,12442.81
2020-10-29,23896.91,12442.81
2020-10-30,23777.21,12442.81
2020-11-02,24154.99,12443.59
2020-11-03,24654.26,12443.59
2020-11-04,24887.41,12443.59
2020-11-05,25460.23,12443.59
2020-11-06,25327.28,12443.59
2020-11-09,25502.40,12443.59
2020-11-10,25681.21,12443.59
2020-11-11,25908.94,12443.59
2020-11-12,25797.78,12443.59
2020-11-13,25949.72,12443.59
2020-11-16,26205.50,12443.59
2020-11-17,26128.42,12443.59
2020-11-18,25971.92,12443.59
2020-11-19,26052.81,12443.59
2020-11-20,25942.57,12443.59
2020-11-23,25999.16,12443.59
2020-11-24,26448.72,12443.59
2020-11-25,26351.49,12443.59
2020-11-27,26442.06,12443.59
2020-11-30,26121.64,12443.59
2020-12-01,26459.73,12444.39
2020-12-02,26215.45,12444.39
2020-12-03,26201.15,12444.39
2020-12-04,26314.26,12444.39
2020-12-07,26329.07,12444.39
2020-12-08,26410.34,12444.39
2020-12-09,26271.67,12444.39
2020-12-10,26350.23,12444.39
2020-12-11,26142.06,12444.39
2020-12-14,26134.31,12444.39
2020-12-15,26340.33,12444.39
2020-12-16,26436.03,12444.39
2020-12-17,26545.02,12444.39
2020-12-18,26315.26,12444.39
2020-12-21,26199.60,12444.39
2020-12-22,26138.30,12444.39
2020-12-23,26328.20,12444.39
2020-12-24,26390.48,12444.39
2020-12-28,26536.89,12444.39
2020-12-29,26543.30,12444.39
2020-12-30,26529.50,12444.39
2020-12-31,26471.06,12444.39
2021-01-04,26378.44,12444.02
2021-01-05,26509.60,12444.02
2021-01-06,26555.10,12444.02
2021-01-07,26811.06,12444.02
2021-01-08,27152.86,12444.02
2021-01-11,27100.72,12444.02
2021-01-12,27203.54,12444.02
2021-01-13,27155.30,12444.02
2021-01-14,27242.13,12444.02
2021-01-15,27034.34,12444.02
2021-01-19,27376.65,12444.02
2021-01-20,27525.70,12444.02
2021-01-21,27618.98,12444.02
2021-01-22,27411.41,12444.02
2021-01-25,27415.27,12444.02
2021-01-26,27445.00,12444.02
2021-01-27,26806.25,12444.02
2021-01-28,27093.09,12444.02
2021-01-29,26564.70,12444.02
2021-02-01,26922.48,12443.55
2021-02-02,27385.15,12443.55
2021-02-03,27514.70,12443.55
2021-02-04,27710.99,12443.55
2021-02-05,28035.15,12443.55
2021-02-08,28066.70,12443.55
2021-02-09,28093.07,12443.55
2021-02-10,27958.71,12443.55
2021-02-11,28017.07,12443.55
2021-02-12,28111.14,12443.55
2021-02-16,28198.27,12443.55
2021-02-17,28167.38,12443.55
2021-02-18,28147.63,12443.55
2021-02-19,28075.14,12443.55
2021-02-22,27812.16,12443.55
2021-02-23,27731.03,12443.55
2021-02-24,27893.72,12443.55
2021-02-25,27435.17,12443.55
2021-02-26,27124.67,12443.55
2021-03-01,27852.04,12443.13
2021-03-02,27791.21,12443.13
2021-03-03,27441.62,12443.13
2021-03-04,27164.59,12443.13
2021-03-05,27577.70,12443.13
2021-03-08,27614.49,12443.13
2021-03-09,28187.28,12443.13
2021-03-10,28212.07,12443.13
2021-03-11,28461.86,12443.13
2021-03-12,28335.57,12443.13
2021-03-15,28560.33,12443.13
2021-03-16,28638.53,12443.13
2021-03-17,28727.68,12443.13
2021-03-18,28284.29,12443.13
2021-03-19,28376.35,12443.13
2021-03-22,28599.06,12443.13
2021-03-23,28259.00,12443.13
2021-03-24,28269.30,12443.13
2021-03-25,28414.21,12443.13
2021-03-26,28911.46,12443.13
2021-03-29,28849.33,12443.13
2021-03-30,28829.52,12443.13
2021-03-31,29014.66,12443.13
2021-04-01,29297.63,12442.62
2021-04-05,29536.01,12442.62
2021-04-06,29450.30,12442.62
2021-04-07,29352.47,12442.62
2021-04-08,29505.53,12442.62
2021-04-09,29544.97,12442.62
2021-04-12,29556.89,12442.62
2021-04-13,29635.42,12442.62
2021-04-14,29485.09,12442.62
2021-04-15,29692.48,12442.62
2021-04-16,29847.80,12442.62
2021-04-19,29753.10,12442.62
2021-04-20,29287.11,12442.62
2021-04-21,29483.96,12442.62
2021-04-22,29380.83,12442.62
2021-04-23,29655.04,12442.62
2021-04-26,29575.29,12442.62
2021-04-27,29557.12,12442.62
2021-04-28,29531.58,12442.62
2021-04-29,29533.80,12442.62
2021-04-30,29314.48,12442.62
2021-05-03,29655.40,12442.08
2021-05-04,29313.99,12442.08
2021-05-05,29524.98,12442.08
2021-05-06,29735.46,12442.08
2021-05-07,29868.49,12442.08
2021-05-10,29432.80,12442.08
2021-05-11,29171.64,12442.08
2021-05-12,28649.94,12442.08
2021-05-13,28966.03,12442.08
2021-05-14,29431.70,12442.08
2021-05-17,29211.80,12442.08
2021-05-18,29140.37,12442.08
2021-05-19,28801.89,12442.08
2021-05-20,29240.47,12442.08
2021-05-21,29118.73,12442.08
2021-05-24,29455.17,12442.08
2021-05-25,29367.46,12442.08
2021-05-26,29323.65,12442.08
2021-05-27,29470.05,12442.08
2021-05-28,29556.17,12442.08
2021-06-01,29489.05,12441.52
2021-06-02,29558.72,12441.52
2021-06-03,29453.26,12441.52
2021-06-04,29888.78,12441.52
2021-06-07,29836.81,12441.52
2021-06-08,29785.43,12441.52
2021-06-09,29777.46,12441.52
2021-06-10,29871.35,12441.52
2021-06-11,29937.50,12441.52
2021-06-14,30163.98,12441.52
2021-06-15,30095.55,12441.52
2021-06-16,30013.16,12441.52
2021-06-17,30217.34,12441.52
2021-06-18,29995.49,12441.52
2021-06-21,30386.70,12441.52
2021-06-22,30473.64,12441.52
2021-06-23,30378.81,12441.52
2021-06-24,30547.51,12441.52
2021-06-25,30676.29,12441.52
2021-06-28,30642.57,12441.52
2021-06-29,30668.42,12441.52
2021-06-30,30665.83,12441.52
2021-07-01,30888.22,12440.29
2021-07-02,31102.46,12440.29
2021-07-06,31021.00,12440.29
2021-07-07,31197.56,12440.29
2021-07-08,30991.65,12440.29
2021-07-09,31174.24,12440.29
2021-07-12,31262.56,12440.29
2021-07-13,31197.73,12440.29
2021-07-14,31421.44,12440.29
2021-07-15,31117.80,12440.29
2021-07-16,30979.11,12440.29
2021-07-19,30473.66,12440.29
2021-07-20,30839.46,12440.29
2021-07-21,31185.84,12440.29
2021-07-22,31253.56,12440.29
2021-07-23,31572.20,12440.29
2021-07-26,31650.15,12440.29
2021-07-27,31444.39,12440.29
2021-07-28,31414.09,12440.29
2021-07-29,31556.10,12440.29
2021-07-30,31227.81,12440.29
2021-08-02,31373.54,12438.95
2021-08-03,31511.64,12438.95
2021-08-04,31452.16,12438.95
2021-08-05,31699.80,12438.95
2021-08-06,31670.25,12438.95
2021-08-09,31889.00,12438.95
2021-08-10,31941.74,12438.95
2021-08-11,32099.22,12438.95
2021-08-12,32098.50,12438.95
2021-08-13,32211.51,12438.95
2021-08-16,32018.52,12438.95
2021-08-17,31831.64,12438.95
2021-08-18,31796.23,12438.95
2021-08-19,31661.03,12438.95
2021-08-20,31907.32,12438.95
2021-08-23,32187.32,12438.95
2021-08-24,32151.27,12438.95
2021-08-25,32172.30,12438.95
2021-08-26,31959.49,12438.95
2021-08-27,32249.02,12438.95
2021-08-30,32258.94,12438.95
2021-08-31,32203.69,12438.95
2021-09-01,32280.72,12437.50
2021-09-02,32293.93,12437.50
2021-09-03,32228.89,12437.50
2021-09-07,32178.73,12437.50
2021-09-08,32140.18,12437.50
2021-09-09,32092.83,12437.50
2021-09-10,31937.88,12437.50
2021-09-13,32011.91,12437.50
2021-09-14,31914.83,12437.50
2021-09-15,32052.97,12437.50
2021-09-16,31955.75,12437.50
2021-09-17,31834.74,12437.50
2021-09-20,31411.49,12437.50
2021-09-21,31454.28,12437.50
2021-09-22,31721.28,12437.50
2021-09-23,32148.97,12437.50
2021-09-24,31974.03,12437.50
2021-09-27,31939.27,12437.50
2021-09-28,31361.07,12437.50
2021-09-29,31346.86,12437.50
2021-09-30,31345.39,12437.50
2021-10-01,31591.82,12435.99
2021-10-04,31185.86,12435.99
2021-10-05,31409.66,12435.99
2021-10-06,31467.04,12435.99
2021-10-07,31905.73,12435.99
2021-10-11,31726.21,12435.99
2021-10-12,31680.81,12435.99
2021-10-13,31895.35,12435.99
2021-10-14,32191.80,12435.99
2021-10-15,32470.38,12435.99
2021-10-18,32497.61,12435.99
2021-10-19,32682.15,12435.99
2021-10-20,32751.00,12435.99
2021-10-21,32740.66,12435.99
2021-10-22,32807.15,12435.99
2021-10-25,32851.41,12435.99
2021-10-26,33014.70,12435.99
2021-10-27,32890.87,12435.99
2021-10-28,33164.61,12435.99
2021-10-29,32881.65,12435.99
2021-11-01,33405.73,12434.05
2021-11-02,33336.14,12434.05
2021-11-03,33569.97,12434.05
2021-11-04,33583.64,12434.05
2021-11-05,33839.97,12434.05
2021-11-08,33858.86,12434.05
2021-11-09,33702.55,12434.05
2021-11-10,33408.11,12434.05
2021-11-11,33725.93,12434.05
2021-11-12,34066.30,12434.05
2021-11-15,34113.20,12434.05
2021-11-16,34396.20,12434.05
2021-11-17,34424.74,12434.05
2021-11-18,34469.38,12434.05
2021-11-19,34259.05,12434.05
2021-11-22,34345.27,12434.05
2021-11-23,34393.01,12434.05
2021-11-24,34401.81,12434.05
2021-11-26,33794.55,12434.05
2021-11-29,33802.25,12434.05
2021-11-30,33225.25,12434.05
2021-12-01,32968.18,12432.08
2021-12-02,33246.28,12432.08
2021-12-03,33020.58,12432.08
2021-12-06,33354.26,12432.08
2021-12-07,34133.99,12432.08
2021-12-08,34295.50,12432.08
2021-12-09,33824.81,12432.08
2021-12-10,34147.14,12432.08
2021-12-13,33811.04,12432.08
2021-12-14,33638.84,12432.08
2021-12-15,34113.96,12432.08
2021-12-16,33930.72,12432.08
2021-12-17,33507.42,12432.08
2021-12-20,33356.83,12432.08
2021-12-21,33809.36,12432.08
2021-12-22,34113.11,12432.08
2021-12-23,34235.61,12432.08
2021-12-27,34583.26,12432.08
2021-12-28,34582.70,12432.08
2021-12-29,34670.34,12432.08
2021-12-30,34468.91,12432.08
2021-12-31,34527.85,12432.08
2022-01-03,34476.20,12430.04
2022-01-04,34767.21,12430.04
2022-01-05,34346.52,12430.04
2022-01-06,34068.50,12430.04
2022-01-07,34039.48,12430.04
2022-01-10,33743.75,12430.04
2022-01-11,34105.92,12430.04
2022-01-12,34232.39,12430.04
2022-01-13,33659.30,12430.04
2022-01-14,33525.44,12430.04
2022-01-18,33144.57,12430.04
2022-01-19,33110.03,12430.04
2022-01-20,32897.10,12430.04
2022-01-21,32374.64,12430.04
2022-01-24,32085.39,12430.04
2022-01-25,31814.05,12430.04
2022-01-26,31908.88,12430.04
2022-01-27,31824.25,12430.04
2022-01-28,32650.20,12430.04
2022-01-31,33209.98,12430.04
2022-02-01,33267.03,12427.91
2022-02-02,33428.50,12427.91
2022-02-03,32690.71,12427.91
2022-02-07,32341.90,12427.91
2022-02-08,32563.90,12427.91
2022-02-09,33118.91,12427.91
2022-02-10,32728.13,12427.91
2022-02-11,32217.79,12427.91
2022-02-14,32065.77,12427.91
2022-02-15,32704.57,12427.91
2022-02-16,32625.65,12427.91
2022-02-17,32017.65,12427.91
2022-02-18,31765.45,12427.91
2022-02-22,31562.08,12427.91
2022-02-23,31070.28,12427.91
2022-02-24,31103.07,12427.91
2022-02-25,32233.21,12427.91
2022-02-28,32240.91,12427.91
2022-03-01,31610.00,12425.71
2022-03-02,32214.69,12425.71
2022-03-03,32042.76,12425.71
2022-03-04,31670.93,12425.71
2022-03-07,31375.68,12425.71
2022-03-08,31171.00,12425.71
2022-03-09,32017.87,12425.71
2022-03-10,31390.43,12425.71
2022-03-11,31211.83,12425.71
2022-03-14,31288.06,12425.71
2022-03-15,31695.86,12425.71
2022-03-16,32392.02,12425.71
2022-03-17,32747.18,12425.71
2022-03-18,32844.24,12425.71
2022-03-21,32998.25,12425.71
2022-03-22,33400.05,12425.71
2022-03-23,33056.57,12425.71
2022-03-24,33436.82,12425.71
2022-03-25,33516.51,12425.71
2022-03-28,33731.05,12425.71
2022-03-29,34239.81,12425.71
2022-03-30,33779.62,12425.71
2022-03-31,33092.16,12425.71
2022-04-01,33408.42,12423.39
2022-04-04,33755.82,12423.39
2022-04-05,33612.61,12423.39
2022-04-06,33413.45,12423.39
2022-04-07,33457.37,12423.39
2022-04-08,33538.83,12423.39
2022-04-11,33036.26,12423.39
2022-04-12,32910.96,12423.39
2022-04-13,33355.43,12423.39
2022-04-14,32871.69,12423.39
2022-04-18,33047.15,12423.39
2022-04-20,33571.76,12423.39
2022-04-21,33013.66,12423.39
2022-04-22,32195.85,12423.39
2022-04-25,32207.77,12423.39
2022-04-26,31745.38,12423.39
2022-04-27,31924.97,12423.39
2022-04-28,32813.58,12423.39
2022-04-29,32219.74,12423.39
2022-05-02,32111.82,12421.06
2022-05-03,32351.86,12421.06
2022-05-04,32922.79,12421.06
2022-05-05,31724.00,12421.06
2022-05-06,31716.18,12421.06
2022-05-09,30698.53,12421.06
2022-05-10,30658.12,12421.06
2022-05-11,30475.73,12421.06
2022-05-12,30387.62,12421.06
2022-05-13,31499.07,12421.06
2022-05-16,31348.70,12421.06
2022-05-17,31851.41,12421.06
2022-05-18,30580.32,12421.06
2022-05-19,30645.82,12421.06
2022-05-20,30392.80,12421.06
2022-05-23,30944.00,12421.06
2022-05-24,30365.66,12421.06
2022-05-25,30439.82,12421.06
2022-05-26,31076.44,12421.06
2022-05-27,31598.32,12421.06
2022-05-31,31349.81,12421.06
2022-06-01,31233.43,12418.73
2022-06-02,31968.85,12418.73
2022-06-03,31274.19,12418.73
2022-06-06,31470.66,12418.73
2022-06-07,31749.82,12418.73
2022-06-08,31483.99,12418.73
2022-06-09,30726.13,12418.73
2022-06-10,30102.30,12418.73
2022-06-13,29356.67,12418.73
2022-06-14,29349.13,12418.73
2022-06-15,29636.89,12418.73
2022-06-16,28822.36,12418.73
2022-06-17,28516.42,12418.73
2022-06-21,29253.52,12418.73
2022-06-22,29146.51,12418.73
2022-06-23,29196.39,12418.73
2022-06-24,30129.49,12418.73
2022-06-27,30049.03,12418.73
2022-06-28,29559.91,12418.73
2022-06-29,29602.43,12418.73
2022-06-30,29495.50,12418.73
2022-07-01,29556.38,12416.52
2022-07-05,29626.20,12416.52
2022-07-06,30217.74,12416.52
2022-07-07,30924.27,12416.52
2022-07-08,30991.95,12416.52
2022-07-11,30629.04,12416.52
2022-07-12,30762.93,12416.52
2022-07-13,30700.25,12416.52
2022-07-14,30417.34,12416.52
2022-07-15,31014.50,12416.52
2022-07-18,30787.94,12416.52
2022-07-19,31367.24,12416.52
2022-07-20,31291.25,12416.52
2022-07-21,31676.95,12416.52
2022-07-22,31408.10,12416.52
2022-07-25,31465.71,12416.52
2022-07-26,31091.79,12416.52
2022-07-27,31968.98,12416.52
2022-07-28,32152.83,12416.52
2022-07-29,32623.02,12416.52
2022-08-01,32618.87,12416.05
2022-08-02,32198.28,12416.05
2022-08-03,32851.00,12416.05
2022-08-04,32915.27,12416.05
2022-08-05,32512.96,12416.05
2022-08-08,32829.97,12416.05
2022-08-09,32563.88,12416.05
2022-08-10,33238.07,12416.05
2022-08-11,32927.57,12416.05
2022-08-12,33229.65,12416.05
2022-08-15,33537.79,12416.05
2022-08-16,33859.29,12416.05
2022-08-17,33578.10,12416.05
2022-08-18,33598.40,12416.05
2022-08-19,33423.35,12416.05
2022-08-22,32982.67,12416.05
2022-08-23,33235.69,12416.05
2022-08-24,33204.44,12416.05
2022-08-25,33598.55,12416.05
2022-08-26,32693.98,12416.05
2022-08-29,32485.70,12416.05
2022-08-30,31969.61,12416.05
2022-08-31,31705.32,12416.05
2022-09-01,31455.97,12417.50
2022-09-02,31667.42,12417.50
2022-09-06,31422.76,12417.50
2022-09-07,31945.39,12417.50
2022-09-08,31899.77,12417.50
2022-09-09,32419.05,12417.50
2022-09-12,32657.52,12417.50
2022-09-13,31280.12,12417.50
2022-09-14,31727.36,12417.50
2022-09-15,31408.77,12417.50
2022-09-16,31114.48,12417.50
2022-09-19,31147.01,12417.50
2022-09-20,30805.26,12417.50
2022-09-21,30529.08,12417.50
2022-09-22,30631.66,12417.50
2022-09-23,29976.31,12417.50
2022-09-26,30071.70,12417.50
2022-09-27,30217.71,12417.50
2022-09-28,30743.65,12417.50
2022-09-29,29921.30,12417.50
2022-09-30,29272.61,12417.50
2022-10-03,30013.68,12421.55
2022-10-04,30901.89,12421.55
2022-10-05,30292.73,12421.55
2022-10-06,30256.28,12421.55
2022-10-07,29887.25,12421.55
2022-10-10,29776.35,12421.55
2022-10-11,29609.82,12421.55
2022-10-12,29533.86,12421.55
2022-10-13,30057.99,12421.55
2022-10-14,29433.11,12421.55
2022-10-17,30209.49,12421.55
2022-10-18,30209.20,12421.55
2022-10-19,29927.03,12421.55
2022-10-20,30098.06,12421.55
2022-10-21,30468.42,12421.55
2022-10-24,30593.57,12421.55
2022-10-25,31055.87,12421.55
2022-10-26,30794.61,12421.55
2022-10-27,30254.40,12421.55
2022-10-28,31095.15,12421.55
2022-10-31,30984.27,12421.55
2022-11-01,31196.43,12426.34
2022-11-02,30640.41,12426.34
2022-11-03,30440.13,12426.34
2022-11-04,31127.24,12426.34
2022-11-07,30886.81,12426.34
2022-11-08,30858.55,12426.34
2022-11-09,30124.15,12426.34
2022-11-10,31838.14,12426.34
2022-11-11,31750.94,12426.34
2022-11-14,31090.58,12426.34
2022-11-15,31403.40,12426.34
2022-11-16,31042.72,12426.34
2022-11-17,30757.93,12426.34
2022-11-18,31048.04,12426.34
2022-11-21,30920.75,12426.34
2022-11-22,31591.52,12426.34
2022-11-23,31647.36,12426.34
2022-11-25,31421.38,12426.34
2022-11-28,31134.79,12426.34
2022-11-29,31145.30,12426.34
2022-11-30,31880.94,12426.34
2022-12-01,31811.44,12431.24
2022-12-02,31401.35,12431.24
2022-12-05,30935.08,12431.24
2022-12-06,30681.52,12431.24
2022-12-07,30677.07,12431.24
2022-12-08,30727.12,12431.24
2022-12-09,30516.61,12431.24
2022-12-12,30856.20,12431.24
2022-12-13,31164.24,12431.24
2022-12-14,30804.67,12431.24
2022-12-15,29882.98,12431.24
2022-12-16,29637.38,12431.24
2022-12-19,29560.13,12431.24
2022-12-20,29563.55,12431.24
2022-12-21,29917.16,12431.24
2022-12-22,29597.84,12431.24
2022-12-23,29726.17,12431.24
2022-12-27,29570.45,12431.24
2022-12-28,29282.49,12431.24
2022-12-29,29724.01,12431.24
2022-12-30,29529.57,12431.24
2023-01-03,29468.28,12436.88
2023-01-04,30100.85,12436.88
2023-01-05,29594.08,12436.88
2023-01-06,30464.85,12436.88
2023-01-09,30235.35,12436.88
2023-01-10,30106.88,12436.88
2023-01-11,30426.31,12436.88
2023-01-12,30567.33,12436.88
2023-01-13,30478.26,12436.88
2023-01-17,30570.01,12436.88
2023-01-18,30430.17,12436.88
2023-01-19,30095.71,12436.88
2023-01-20,30443.08,12436.88
2023-01-23,30686.82,12436.88
2023-01-24,30674.02,12436.88
2023-01-25,30635.81,12436.88
2023-01-26,30773.87,12436.88
2023-01-27,30936.82,12436.88
2023-01-30,30708.33,12436.88
2023-01-31,31056.23,12436.88
2023-02-01,31303.13,12443.38
2023-02-02,31293.16,12443.38
2023-02-03,31309.66,12443.38
2023-02-06,31354.21,12443.38
2023-02-07,31820.37,12443.38
2023-02-08,31607.14,12443.38
2023-02-09,31513.50,12443.38
2023-02-10,31380.74,12443.38
2023-02-13,31885.11,12443.38
2023-02-14,31765.43,12443.38
2023-02-15,31788.05,12443.38
2023-02-16,31631.11,12443.38
2023-02-17,31579.10,12443.38
2023-02-21,31064.60,12443.38
2023-02-22,31048.46,12443.38
2023-02-23,31253.72,12443.38
2023-02-24,30933.58,12443.38
2023-02-27,31225.48,12443.38
2023-02-28,30980.07,12443.38
2023-03-01,30982.24,12450.47
2023-03-02,30856.93,12450.47
2023-03-03,31496.14,12450.47
2023-03-06,31489.84,12450.47
2023-03-07,30870.74,12450.47
2023-03-08,31278.35,12450.47
2023-03-09,30880.37,12450.47
2023-03-10,30389.65,12450.47
2023-03-13,29956.07,12450.47
2023-03-14,30199.06,12450.47
2023-03-15,29787.68,12450.47
2023-03-16,30643.48,12450.47
2023-03-17,30308.70,12450.47
2023-03-20,30367.92,12450.47
2023-03-21,30628.84,12450.47
2023-03-22,30197.92,12450.47
2023-03-23,30048.66,12450.47
2023-03-24,30112.01,12450.47
2023-03-27,30390.70,12450.47
2023-03-28,30332.91,12450.47
2023-03-29,30626.11,12450.47
2023-03-30,30835.56,12450.47
2023-03-31,31013.94,12450.47
2023-04-03,31444.92,12458.35
2023-04-04,31063.48,12458.35
2023-04-05,30792.00,12458.35
2023-04-06,31011.48,12458.35
2023-04-10,30939.81,12458.35
2023-04-11,31190.84,12458.35
2023-04-12,31034.63,12458.35
2023-04-13,31177.59,12458.35
2023-04-14,30984.21,12458.35
2023-04-17,31192.02,12458.35
2023-04-18,31462.37,12458.35
2023-04-19,31288.85,12458.35
2023-04-20,31240.62,12458.35
2023-04-21,31200.74,12458.35
2023-04-24,31167.41,12458.35
2023-04-25,30586.73,12458.35
2023-04-26,30697.35,12458.35
2023-04-27,30911.47,12458.35
2023-04-28,31170.97,12458.35
2023-05-01,31201.60,12467.54
2023-05-02,30981.16,12467.54
2023-05-03,30782.74,12467.54
2023-05-04,30430.13,12467.54
2023-05-05,31020.81,12467.54
2023-05-08,31092.77,12467.54
2023-05-09,31014.06,12467.54
2023-05-10,31175.29,12467.54
2023-05-11,31039.69,12467.54
2023-05-12,31189.71,12467.54
2023-05-15,31471.08,12467.54
2023-05-16,31213.20,12467.54
2023-05-17,31440.36,12467.54
2023-05-18,31746.89,12467.54
2023-05-19,31960.97,12467.54
2023-05-22,31857.53,12467.54
2023-05-23,31562.52,12467.54
2023-05-24,31373.60,12467.54
2023-05-25,31504.98,12467.54
2023-05-26,31952.43,12467.54
2023-05-30,31972.82,12467.54
2023-05-31,31612.72,12467.54
2023-06-01,32076.99,12477.11
2023-06-02,32347.53,12477.11
2023-06-05,32514.24,12477.11
2023-06-06,32554.32,12477.11
2023-06-07,32470.09,12477.11
2023-06-08,32616.03,12477.11
2023-06-09,32432.78,12477.11
2023-06-12,32759.91,12477.11
2023-06-13,32994.20,12477.11
2023-06-14,33026.32,12477.11
2023-06-15,33159.02,12477.11
2023-06-16,32804.32,12477.11
2023-06-20,32601.94,12477.11
2023-06-21,32486.54,12477.11
2023-06-22,32299.57,12477.11
2023-06-23,32092.39,12477.11
2023-06-26,32152.11,12477.11
2023-06-27,32432.81,12477.11
2023-06-28,32333.53,12477.11
2023-06-29,32561.40,12477.11
2023-06-30,33064.89,12477.11
2023-07-03,33003.10,12487.20
2023-07-05,32957.72,12487.20
2023-07-06,32639.92,12487.20
2023-07-07,32534.42,12487.20
2023-07-10,32388.25,12487.20
2023-07-11,32522.78,12487.20
2023-07-12,32878.41,12487.20
2023-07-13,32858.58,12487.20
2023-07-14,32593.15,12487.20
2023-07-17,32616.49,12487.20
2023-07-18,32808.55,12487.20
2023-07-19,32896.62,12487.20
2023-07-20,32767.12,12487.20
2023-07-21,32968.14,12487.20
2023-07-24,33088.54,12487.20
2023-07-25,33361.45,12487.20
2023-07-26,33393.80,12487.20
2023-07-27,33201.61,12487.20
2023-07-28,33760.41,12487.20
2023-07-31,33693.46,12487.20
2023-08-01,33599.82,12497.63
2023-08-02,33037.48,12497.63
2023-08-03,33117.18,12497.63
2023-08-04,33051.03,12497.63
2023-08-07,33087.50,12497.63
2023-08-08,32917.52,12497.63
2023-08-09,32914.33,12497.63
2023-08-10,32952.11,12497.63
2023-08-11,32809.24,12497.63
2023-08-14,32969.29,12497.63
2023-08-15,32760.58,12497.63
2023-08-16,32520.68,12497.63
2023-08-17,32341.42,12497.63
2023-08-18,32296.93,12497.63
2023-08-21,32438.43,12497.63
2023-08-22,32354.94,12497.63
2023-08-23,32833.42,12497.63
2023-08-24,32427.64,12497.63
2023-08-25,32683.55,12497.63
2023-08-28,32963.40,12497.63
2023-08-29,33320.13,12497.63
2023-08-30,33366.45,12497.63
2023-08-31,33118.01,12497.63
2023-09-01,33422.73,12508.61
2023-09-05,33404.28,12508.61
2023-09-06,33416.37,12508.61
2023-09-07,33332.54,12508.61
2023-09-08,33445.30,12508.61
2023-09-11,33612.46,12508.61
2023-09-12,33365.72,12508.61
2023-09-13,33363.85,12508.61
2023-09-14,33723.54,12508.61
2023-09-15,33771.99,12508.61
2023-09-18,33615.13,12508.61
2023-09-19,33467.10,12508.61
2023-09-20,33327.30,12508.61
2023-09-21,32847.77,12508.61
2023-09-22,32756.21,12508.61
2023-09-25,32798.08,12508.61
2023-09-26,32576.69,12508.61
2023-09-27,32598.82,12508.61
2023-09-28,32968.69,12508.61
2023-09-29,32764.78,12508.61
2023-10-02,32590.97,12521.76
2023-10-03,32401.23,12521.76
2023-10-04,32570.69,12521.76
2023-10-05,32513.48,12521.76
2023-10-06,32720.16,12521.76
2023-10-09,32810.27,12521.76
2023-10-10,33107.78,12521.76
2023-10-11,33159.69,12521.76
2023-10-12,32928.97,12521.76
2023-10-13,32947.99,12521.76
2023-10-16,33268.78,12521.76
2023-10-17,33206.30,12521.76
2023-10-18,32736.86,12521.76
2023-10-19,32528.93,12521.76
2023-10-20,32007.26,12521.76
2023-10-23,31938.45,12521.76
2023-10-24,31879.97,12521.76
2023-10-25,31765.38,12521.76
2023-10-26,31488.81,12521.76
2023-10-27,31396.44,12521.76
2023-10-30,31697.37,12521.76
2023-10-31,31668.84,12521.76
2023-11-01,32103.76,12535.93
2023-11-02,32715.15,12535.93
2023-11-03,32977.42,12535.93
2023-11-06,32675.99,12535.93
2023-11-07,32680.98,12535.93
2023-11-08,32761.09,12535.93
2023-11-09,32610.54,12535.93
2023-11-10,32985.82,12535.93
2023-11-13,32956.98,12535.93
2023-11-14,33596.48,12535.93
2023-11-15,33184.79,12535.93
2023-11-16,33231.29,12535.93
2023-11-17,33363.15,12535.93
2023-11-20,33419.18,12535.93
2023-11-21,33236.95,12535.93
2023-11-22,33375.16,12535.93
2023-11-23,33503.19,12535.93
2023-11-24,33532.02,12535.93
2023-11-27,33339.75,12535.93
2023-11-28,33341.73,12535.93
2023-11-29,33211.01,12535.93
2023-11-30,33417.29,12535.93
2023-12-01,33855.52,12550.56
2023-12-04,33697.20,12550.56
2023-12-05,33828.31,12550.56
2023-12-06,33942.22,12550.56
2023-12-07,34216.15,12550.56
2023-12-08,34247.10,12550.56
2023-12-11,34428.70,12550.56
2023-12-12,34551.71,12550.56
2023-12-13,34830.18,12550.56
2023-12-14,34868.59,12550.56
2023-12-15,34485.51,12550.56
2023-12-18,34846.89,12550.56
2023-12-19,35002.58,12550.56
2023-12-20,34480.73,12550.56
2023-12-21,34853.70,12550.56
2023-12-22,34734.03,12550.56
2023-12-26,34803.35,12550.56
2023-12-27,34872.12,12550.56
2023-12-28,34692.00,12550.56
2023-12-29,34715.74,12550.56
2024-01-02,34553.62,12565.70
2024-01-03,34532.96,12565.70
2024-01-04,34577.18,12565.70
2024-01-05,34579.35,12565.70
2024-01-08,34961.75,12565.70
2024-01-09,34863.49,12565.70
2024-01-10,35081.21,12565.70
2024-01-11,34896.82,12565.70
2024-01-12,34995.51,12565.70
2024-01-16,34873.40,12565.70
2024-01-17,34797.73,12565.70
2024-01-18,35029.23,12565.70
2024-01-19,35401.77,12565.70
2024-01-22,35515.86,12565.70
2024-01-23,35587.03,12565.70
2024-01-24,35780.63,12565.70
2024-01-25,35802.19,12565.70
2024-01-26,35950.81,12565.70
2024-01-29,36189.02,12565.70
2024-01-30,36222.67,12565.70
2024-01-31,35841.22,12565.70
2024-02-01,36216.79,12581.69
2024-02-02,36209.88,12581.69
2024-02-05,36366.41,12581.69
2024-02-06,36637.64,12581.69
2024-02-07,36827.13,12581.69
2024-02-08,36766.79,12581.69
2024-02-09,36919.28,12581.69
2024-02-12,36845.29,12581.69
2024-02-13,36469.30,12581.69
2024-02-14,36973.55,12581.69
2024-02-15,37168.00,12581.69
2024-02-16,36973.36,12581.69
2024-02-20,36842.70,12581.69
2024-02-21,36699.84,12581.69
2024-02-22,37313.67,12581.69
2024-02-23,37342.37,12581.69
2024-02-26,37269.08,12581.69
2024-02-27,37231.10,12581.69
2024-02-28,37156.48,12581.69
2024-02-29,37329.90,12581.69
2024-03-01,37749.46,12597.28
2024-03-04,37600.55,12597.28
2024-03-05,37272.74,12597.28
2024-03-06,37493.93,12597.28
2024-03-07,37729.91,12597.28
2024-03-08,37429.36,12597.28
2024-03-11,37311.53,12597.28
2024-03-12,37691.11,12597.28
2024-03-13,37695.37,12597.28
2024-03-14,37455.93,12597.28
2024-03-15,37472.60,12597.28
2024-03-18,37680.55,12597.28
2024-03-19,37852.62,12597.28
2024-03-20,38130.78,12597.28
2024-03-21,38092.07,12597.28
2024-03-22,38284.86,12597.28
2024-03-25,38391.91,12597.28
2024-03-26,38208.50,12597.28
2024-03-27,38498.76,12597.28
2024-03-28,38558.57,12597.28
2024-04-01,38495.34,12613.22
2024-04-02,38454.12,12613.22
2024-04-03,38412.25,12613.22
2024-04-04,37905.62,12613.22
2024-04-05,38091.93,12613.22
2024-04-08,38180.53,12613.22
2024-04-09,38110.34,12613.22
2024-04-10,37760.94,12613.22
2024-04-11,38304.19,12613.22
2024-04-12,37904.25,12613.22
2024-04-15,37806.91,12613.22
2024-04-16,37651.60,12613.22
2024-04-17,37489.65,12613.22
2024-04-18,37308.55,12613.22
2024-04-19,37117.84,12613.22
2024-04-22,37367.60,12613.22
2024-04-23,37845.40,12613.22
2024-04-24,37672.34,12613.22
2024-04-26,37707.64,12613.22
2024-04-29,37923.95,12613.22
2024-04-30,37414.64,12613.22
2024-05-01,37465.04,12629.31
2024-05-02,37596.98,12629.31
2024-05-03,38002.53,12629.31
2024-05-06,38239.90,12629.31
2024-05-07,38327.58,12629.31
2024-05-08,38316.66,12629.31
2024-05-09,38511.43,12629.31
2024-05-10,38486.45,12629.31
2024-05-13,38542.25,12629.31
2024-05-14,38620.08,12629.31
2024-05-15,38963.86,12629.31
2024-05-16,38656.41,12629.31
2024-05-17,38775.24,12629.31
2024-05-20,38810.04,12629.31
2024-05-21,38882.17,12629.31
2024-05-22,38745.38,12629.31
2024-05-23,38641.72,12629.31
2024-05-24,38858.86,12629.31
2024-05-28,38710.75,12629.31
2024-05-29,38355.74,12629.31
2024-05-30,38422.91,12629.31
2024-05-31,38589.04,12629.31
2024-06-03,38604.49,12645.34
2024-06-04,38412.90,12645.34
2024-06-05,38838.59,12645.34
2024-06-06,38938.14,12645.34
2024-06-07,38752.97,12645.34
2024-06-10,39196.62,12645.34
2024-06-11,39226.54,12645.34
2024-06-12,39720.36,12645.34
2024-06-13,39326.10,12645.34
2024-06-14,39456.88,12645.34
2024-06-17,39775.74,12645.34
2024-06-18,39794.03,12645.34
2024-06-20,39729.63,12645.34
2024-06-21,39750.62,12645.34
2024-06-24,39830.65,12645.34
2024-06-25,39798.93,12645.34
2024-06-26,39879.74,12645.34
2024-06-27,40008.42,12645.34
2024-06-28,39787.43,12645.34
2024-07-01,39775.67,12661.56
2024-07-02,39970.43,12661.56
2024-07-03,40207.79,12661.56
2024-07-05,40182.96,12661.56
2024-07-08,40151.35,12661.56
2024-07-09,40094.09,12661.56
2024-07-10,40542.21,12661.56
2024-07-11,40391.78,12661.56
2024-07-12,40484.26,12661.56
2024-07-15,40466.72,12661.56
2024-07-16,40564.56,12661.56
2024-07-17,40145.44,12661.56
2024-07-18,39704.60,12661.56
2024-07-19,39560.92,12661.56
2024-07-22,39914.58,12661.56
2024-07-23,39908.03,12661.56
2024-07-24,39329.55,12661.56
2024-07-25,39092.70,12661.56
2024-07-26,39426.41,12661.56
2024-07-29,39440.01,12661.56
2024-07-30,39428.50,12661.56
2024-07-31,40082.38,12661.56
2024-08-01,39453.10,12676.85
2024-08-02,38804.56,12676.85
2024-08-05,37185.83,12676.85
2024-08-06,37469.84,12676.85
2024-08-07,37462.46,12676.85
2024-08-08,38071.36,12676.85
2024-08-09,38339.76,12676.85
2024-08-12,38333.06,12676.85
2024-08-13,38869.07,12676.85
2024-08-14,38878.60,12676.85
2024-08-15,39323.18,12676.85
2024-08-16,39641.64,12676.85
2024-08-19,39829.43,12676.85
2024-08-20,39585.90,12676.85
2024-08-21,39599.55,12676.85
2024-08-22,39258.05,12676.85
2024-08-23,39843.15,12676.85
2024-08-26,39503.27,12676.85
2024-08-27,39644.21,12676.85
2024-08-28,39422.78,12676.85
2024-08-29,39613.61,12676.85
2024-08-30,40088.18,12676.85
2024-09-03,39413.44,12691.96
2024-09-04,39316.77,12691.96
2024-09-05,39067.55,12691.96
2024-09-06,38427.60,12691.96
2024-09-09,38823.45,12691.96
2024-09-10,39064.21,12691.96
2024-09-11,39414.32,12691.96
2024-09-12,39809.79,12691.96
2024-09-13,39828.12,12691.96
2024-09-16,39849.62,12691.96
2024-09-17,39703.12,12691.96
2024-09-18,39606.47,12691.96
2024-09-19,40284.14,12691.96
2024-09-20,39975.26,12691.96
2024-09-23,40094.60,12691.96
2024-09-24,40422.58,12691.96
2024-09-25,40059.20,12691.96
2024-09-26,40548.18,12691.96
2024-09-27,40441.65,12691.96
2024-09-30,40425.85,12691.96
2024-10-01,40213.97,12706.72
2024-10-02,40417.33,12706.72
2024-10-03,40374.70,12706.72
2024-10-04,40664.73,12706.72
2024-10-07,40659.74,12706.72
2024-10-08,40825.11,12706.72
2024-10-09,41072.01,12706.72
2024-10-10,41144.08,12706.72
2024-10-11,41419.09,12706.72
2024-10-14,41698.50,12706.72
2024-10-15,41474.25,12706.72
2024-10-16,41648.58,12706.72
2024-10-17,41773.58,12706.72
2024-10-18,42045.19,12706.72
2024-10-21,41742.90,12706.72
2024-10-22,41848.58,12706.72
2024-10-23,41540.63,12706.72
2024-10-24,41721.92,12706.72
2024-10-25,41540.52,12706.72
2024-10-28,41775.30,12706.72
2024-10-29,41696.11,12706.72
2024-10-30,41562.40,12706.72
2024-10-31,40750.22,12706.72
2024-11-01,40799.10,12720.19
2024-11-04,40786.20,12720.19
2024-11-05,41198.92,12720.19
2024-11-06,41627.91,12720.19
2024-11-07,42813.02,12720.19
2024-11-08,42600.81,12720.19
2024-11-11,42962.84,12720.19
2024-11-12,42936.81,12720.19
2024-11-13,43052.45,12720.19
2024-11-14,43097.87,12720.19
2024-11-15,42752.04,12720.19
2024-11-18,42883.23,12720.19
2024-11-19,42817.68,12720.19
2024-11-20,42697.74,12720.19
2024-11-21,43183.80,12720.19
2024-11-22,43642.55,12720.19
2024-11-25,43776.31,12720.19
2024-11-26,44032.29,12720.19
2024-11-27,43781.57,12720.19
2024-11-29,43763.34,12720.19
2024-12-02,43923.35,12732.31
2024-12-03,44253.48,12732.31
2024-12-04,44432.04,12732.31
2024-12-05,44410.30,12732.31
2024-12-06,44179.69,12732.31
2024-12-09,44059.23,12732.31
2024-12-10,43864.32,12732.31
2024-12-11,44255.53,12732.31
2024-12-12,44171.54,12732.31
2024-12-13,44208.06,12732.31
2024-12-16,44172.10,12732.31
2024-12-17,43977.86,12732.31
2024-12-18,43010.74,12732.31
2024-12-19,43336.03,12732.31
2024-12-20,43580.31,12732.31
2024-12-23,43546.31,12732.31
2024-12-24,44056.62,12732.31
2024-12-26,44094.71,12732.31
2024-12-27,43720.44,12732.31
2024-12-30,43259.93,12732.31
2024-12-31,43224.54,12732.31
2025-01-02,43387.21,12743.58
2025-01-03,44165.35,12743.58
2025-01-06,44301.08,12743.58
2025-01-07,43622.00,12743.58
2025-01-08,43785.82,12743.58
2025-01-09,43911.83,12743.58
2025-01-10,43348.00,12743.58
2025-01-13,43530.71,12743.58
2025-01-14,43527.89,12743.58
2025-01-15,44086.66,12743.58
2025-01-16,44168.86,12743.58
2025-01-17,44503.19,12743.58
2025-01-21,44457.22,12743.58
2025-01-22,44764.44,12743.58
2025-01-23,44960.19,12743.58
2025-01-24,44937.39,12743.58
2025-01-27,44217.05,12743.58
2025-01-28,44578.97,12743.58
2025-01-29,44556.34,12743.58
2025-01-30,44866.09,12743.58
2025-01-31,44785.53,12743.58
2025-02-03,44963.70,12753.81
2025-02-04,44967.71,12753.81
2025-02-05,45018.74,12753.81
2025-02-06,45078.41,12753.81
2025-02-07,44790.30,12753.81
2025-02-10,45356.18,12753.81
2025-02-11,45403.96,12753.81
2025-02-12,45045.25,12753.81
2025-02-13,45465.95,12753.81
2025-02-14,45222.75,12753.81
2025-02-18,45254.27,12753.81
2025-02-19,45366.49,12753.81
2025-02-20,45331.99,12753.81
2025-02-21,44401.94,12753.81
2025-02-24,44344.92,12753.81
2025-02-25,44243.27,12753.81
2025-02-26,44063.44,12753.81
2025-02-27,43571.63,12753.81
2025-02-28,44411.31,12753.81
2025-03-03,43920.64,12763.06
2025-03-04,43097.41,12763.06
2025-03-05,43141.49,12763.06
2025-03-06,41934.58,12763.06
2025-03-07,42070.86,12763.06
2025-03-10,40791.66,12763.06
2025-03-11,40555.26,12763.06
2025-03-12,40495.64,12763.06
2025-03-13,40121.71,12763.06
2025-03-14,40979.51,12763.06
2025-03-17,41235.01,12763.06
2025-03-18,40818.05,12763.06
2025-03-19,41056.20,12763.06
2025-03-20,41070.91,12763.06
2025-03-21,41235.22,12763.06
2025-03-24,41835.28,12763.06
2025-03-25,42085.28,12763.06
2025-03-26,41727.06,12763.06
2025-03-27,41754.87,12763.06
2025-03-28,40841.07,12763.06
2025-03-31,40685.29,12763.06
2025-04-01,40937.85,12771.52
2025-04-02,41243.54,12771.52
2025-04-04,36556.80,12771.52
2025-04-07,36106.70,12771.52
2025-04-08,36207.93,12771.52
2025-04-09,38319.94,12771.52
2025-04-10,37944.55,12771.52
2025-04-11,37447.67,12771.52
2025-04-14,37616.70,12771.52
2025-04-15,37718.10,12771.52
2025-04-16,37301.86,12771.52
2025-04-17,37025.96,12771.52
2025-04-22,36804.35,12771.52
2025-04-23,37856.50,12771.52
2025-04-24,38555.87,12771.52
2025-04-25,38644.92,12771.52
2025-04-28,38838.54,12771.52
2025-04-29,38818.31,12771.52
2025-04-30,38973.12,12771.52
2025-05-01,39277.29,12778.68
2025-05-02,40026.70,12778.68
2025-05-05,39747.29,12778.68
2025-05-06,39560.84,12778.68
2025-05-07,39564.77,12778.68
2025-05-08,39794.03,12778.68
2025-05-09,40131.92,12778.68
2025-05-12,40993.60,12778.68
2025-05-13,41812.21,12778.68
2025-05-14,41554.17,12778.68
2025-05-15,41700.92,12778.68
2025-05-16,41882.29,12778.68
2025-05-19,42026.22,12778.68
2025-05-20,41804.35,12778.68
2025-05-21,41166.21,12778.68
2025-05-22,40899.09,12778.68
2025-05-23,40899.92,12778.68
2025-05-26,40692.18,12778.68
2025-05-27,41212.78,12778.68
2025-05-28,41144.32,12778.68
2025-05-29,41711.31,12778.68
2025-05-30,41201.96,12778.68
2025-06-02,41486.05,12785.13
2025-06-03,41261.81,12785.13
2025-06-04,41604.17,12785.13
2025-06-05,41321.55,12785.13
2025-06-06,41472.45,12785.13
2025-06-09,41687.53,12785.13
2025-06-10,41785.34,12785.13
2025-06-11,41683.79,12785.13
2025-06-12,41585.36,12785.13
2025-06-13,40798.70,12785.13
2025-06-16,41337.20,12785.13
2025-06-17,40979.61,12785.13
2025-06-18,41197.82,12785.13
2025-06-19,41089.38,12785.13
2025-06-20,40914.35,12785.13
2025-06-23,41206.03,12785.13
2025-06-24,41402.88,12785.13
2025-06-25,41277.16,12785.13
2025-06-26,41384.51,12785.13
2025-06-27,41610.87,12785.13
2025-06-30,41663.10,12785.13
2025-07-01,41405.02,12791.16
2025-07-02,41494.71,12791.16
2025-07-03,41787.37,12791.16
2025-07-04,41872.59,12791.16
2025-07-07,41570.52,12791.16
2025-07-08,41669.28,12791.16
2025-07-09,41981.21,12791.16
2025-07-10,42042.91,12791.16
2025-07-11,41971.81,12791.16
2025-07-14,42093.11,12791.16
2025-07-15,41948.70,12791.16
2025-07-16,42207.43,12791.16
2025-07-17,42363.70,12791.16
2025-07-18,42489.11,12791.16
2025-07-21,42509.56,12791.16
2025-07-22,42309.10,12791.16
2025-07-23,42567.43,12791.16
2025-07-24,42523.83,12791.16
2025-07-25,42629.34,12791.16
2025-07-28,42534.14,12791.16
2025-07-29,42948.44,12791.16
2025-07-30,43044.35,12791.16
2025-07-31,43291.39,12791.16
2025-08-01,42755.65,12791.16
2025-08-04,42665.08,12791.16
2025-08-05,42578.71,12791.16
2025-08-06,42907.85,12791.16
2025-08-07,42659.79,12791.16
2025-08-08,42897.44,12791.16
2025-08-11,42867.66,12791.16
2025-08-12,43435.46,12791.16
2025-08-13,43430.84,12791.16
2025-08-14,43261.31,12791.16
2025-08-15,43503.12,12791.16
2025-08-18,43251.29,12791.16
2025-08-19,43231.62,12791.16
2025-08-20,43264.29,12791.16
2025-08-21,43057.28,12791.16
2025-08-22,43837.09,12791.16
2025-08-25,43277.25,12791.16
2025-08-26,43663.62,12791.16
2025-08-27,43612.75,12791.16
2025-08-28,43780.52,12791.16
2025-08-29,43420.59,12791.16
2025-09-02,42933.85,12791.16
2025-09-03,43396.14,12791.16
2025-09-04,43617.16,12791.16
2025-09-05,43657.84,12791.16
2025-09-08,43587.02,12791.16
2025-09-09,43474.70,12791.16
2025-09-10,43825.17,12791.16
2025-09-11,44144.81,12791.16
2025-09-12,44001.35,12791.16
2025-09-15,44244.65,12791.16
2025-09-16,44070.27,12791.16
2025-09-17,43621.35,12791.16
2025-09-18,43937.43,12791.16
2025-09-19,44217.53,12791.16
2025-09-22,44571.14,12791.16
2025-09-23,44176.50,12791.16
2025-09-24,43953.27,12791.16
2025-09-25,43958.05,12791.16
2025-09-26,44515.42,12791.16
2025-09-29,44480.17,12791.16
2025-09-30,44571.14,12791.16
2025-10-01,44716.62,12791.16
2025-10-02,44785.06,12791.16
2025-10-03,44925.28,12791.16
2025-10-06,45122.59,12791.16
2025-10-07,44913.54,12791.16
2025-10-08,45350.76,12791.16
2025-10-09,45298.29,12791.16
2025-10-10,44496.86,12791.16
2025-10-13,44868.70,12791.16
2025-10-14,44914.23,12791.16
2025-10-15,45043.40,12791.16
2025-10-16,44771.15,12791.16
2025-10-17,44611.37,12791.16
2025-10-20,45284.07,12791.16
2025-10-21,45291.45,12791.16
2025-10-22,45268.35,12791.16
2025-10-23,45456.15,12791.16
2025-10-24,45713.32,12791.16
2025-10-27,46151.95,12791.16
2025-10-28,46148.97,12791.16
2025-10-29,46109.86,12791.16
2025-10-30,45868.29,12791.16
2025-10-31,46085.39,12791.16
2025-11-03,46308.21,12791.16
2025-11-04,45828.00,12791.16
2025-11-05,46064.37,12791.16
2025-11-06,45665.66,12791.16
2025-11-07,45481.42,12791.16
2025-11-10,46136.24,12791.16
2025-11-11,46287.78,12791.16
2025-11-12,46280.14,12791.16
2025-11-13,45655.91,12791.16
2025-11-14,45365.08,12791.16
2025-11-17,45019.06,12791.16
2025-11-18,44619.88,12791.16
2025-11-19,44728.98,12791.16
2025-11-20,44393.01,12791.16
2025-11-21,44682.90,12791.16
2025-11-24,45349.49,12791.16
2025-11-25,45707.11,12791.16
2025-11-26,45934.56,12791.16
2025-11-28,46061.98,12791.16
2025-12-01,45848.26,12791.16
2025-12-02,45897.35,12791.16
2025-12-03,45994.16,12791.16
2025-12-04,46004.25,12791.16
2025-12-05,46101.17,12791.16
2025-12-08,45975.32,12791.16
2025-12-09,45921.08,12791.16
2025-12-10,46223.54,12791.16
2025-12-11,46142.02,12791.16
2025-12-12,46101.66,12791.16
